"id","name","title","type","length","decimals","picture","formula","controlInfoFromDomain"
"228","_AA","AA","Numeric","4","","","",""
"338","_Cajas","Cajas","Numeric","4","","","","N"
"78","_Calibre","Calibre","Character","10","","","","N"
"242","_Cat","Cat","Numeric","3","","","","N"
"779","_Ccosto","Ccosto","Numeric","5","","","","N"
"49","_Clave","Clave","Character","8","","@!","",""
"85","_Codage","Codage","Numeric","3","","","","N"
"1110","_CodInt","Cod Int","Character","10","","","","N"
"75","_CodVar","CodVar","Numeric","5","","","","N"
"140","_Condi","Condi","Numeric","2","","","",""
"853","_ConfDato","Conf Dato","Numeric","4","","","","N"
"854","_ConfLin","Conf Lin","Character","3","","","","N"
"90","_Consig","Consig","Numeric","3","","","","N"
"62","_Cuarcod","Cuarcod","Numeric","5","","","",""
"618","_DescrCorta","Descripción Corta","Character","15","","","","N"
"981","_Dolar","Dolar","Numeric","8","2","","","N"
"189","_Env","Env","Numeric","3","","","","N"
"71","_Espe","Espe","Numeric","3","","","","N"
"264","_Estadosfolios","Estadosfolios","Numeric","2","","","","N"
"65","_Export","Export","Numeric","4","","","","N"
"48","_Fecha","Fecha","Date","8","","99/99/9999","","N"
"269","_Folio","Folio","Character","10","","","","N"
"146","_KilB","KilB","Numeric","10","2","","","N"
"540","_KilPal","Kil Pal","Numeric","7","2","","",""
"828","_Lect","Lect","Character","40","","","",""
"1","_Login","Login","Character","10","","@!","","N"
"230","_MES","MES","Numeric","2","","","",""
"125","_NDoc","NDoc","Numeric","10","","","","N"
"359","_NLote","N° Lote","Numeric","10","","","",""
"317","_NomCat","Nom Cat","Character","20","","","",""
"156","_NomCondi","NomCondi","Character","15","","","",""
"138","_NomEnv","NomEnv","Character","20","","","",""
"152","_NomEspe","NomEspe","Character","20","","","","N"
"67","_NomExp","NomExp","Character","40","","","","N"
"58","_nomProd","nomProd","Character","35","","","","N"
"154","_NomVar","NomVar","Character","20","","","","N"
"311","_Nsol","Nsol","Numeric","10","","","",""
"142","_NumEnv","NumEnv","Numeric","7","","","",""
"158","_Obs","Obs","Character","250","","","",""
"173","_OrdProc","OrdProc","Numeric","10","","","",""
"175","_Origen","Origen","Numeric","2","","","",""
"144","_Peso","Peso","Numeric","6","2","","",""
"56","_Prod","Prod","Character","6","","","","N"
"47","_Rut","Rut","Numeric","9","","ZZZZZZZZ9","","N"
"541","_Val10","Val10","Numeric","10","","","","N"
"197","_Val7","Val7","Numeric","7","","","","N"
"172","_Valor","Valor","Numeric","12","","","",""
"171","_ValorD","ValorD","Numeric","13","2","","","N"
"86","AgeCod","AgeCod","Numeric","3","","","","Y"
"1049","AgecodMP","Codigo Multipuerto","Numeric","5","","","",""
"88","AgeDv","AgeDv","Character","","","","","N"
"89","AgeNom","Nombre Agente","Character","30","","","","N"
"87","Agerut","Rut","Numeric","9","","ZZZZZZZZ9","","Y"
"553","ANUCorr","Corr. Interno","Numeric","10","","","","Y"
"564","ANUEstado","Estado","Numeric","","","","","N"
"561","ANUFecC","Fecha Crea","Date","8","","99/99/9999","","Y"
"555","ANUFecha","Fecha Anulacion","Date","8","","99/99/9999","","Y"
"554","ANUFolio","Folio","Numeric","10","","","","Y"
"562","ANULoginC","Login Crea","Character","10","","@!","","Y"
"565","ANUOBS","Observacion","Character","50","","","",""
"566","AnuTotFol","N° Folios Anulados","Numeric","7","","","","Y"
"786","AsgSisLogin","Login","Character","10","","@!","","Y"
"5","AsigAsig","AsigAsig","Character","10","","@!","","Y"
"4","AsigDes","AsigDes","Character","30","","","",""
"3","AsigMod","AsigMod","Numeric","3","","ZZ9","",""
"2","AsigUsu","AsigUsu","Character","10","","@!","","Y"
"79","CalCod","Cod. Calibre","Numeric","3","","","","Y"
"111","Calibre","CA","Character","10","","","",""
"556","CAnCod","Cod.","Numeric","2","","","",""
"560","CanFecC","Fecha Crea","Date","8","","99/99/9999","","Y"
"559","CanLoginC","Login Crea","Character","10","","@!","","Y"
"557","CanNom","Causal Anulacion","Character","20","","","",""
"558","CanPE","Permite Reinspeccion","Numeric","","","","","N"
"825","CAPAA","Año","Numeric","4","","","",""
"1098","CAPCaliO","Calibre Original","Character","10","","","","Y"
"826","CAPCantidad","Nº Envase","Numeric","4","","","",""
"1097","CAPCatO","Categoria Original","Numeric","3","","","","Y"
"820","CAPCOD","Nº de Caja","Numeric","10","","","","Y"
"1096","CAPEnvO","Envase Original","Numeric","3","","","","Y"
"829","CAPEst","Estado","Numeric","","","","","N"
"1095","CAPEtiNew","Nueva Etiqueta","Character","10","","","",""
"1094","CAPEtiOrig","Etiqueta Original","Character","10","","","",""
"832","CAPFecDes","Fec. Despacho","Date","8","","99/99/9999","","Y"
"822","CAPFecha","Fecha Proceso","Date","8","","99/99/9999","","Y"
"823","CAPFecLog","Fecha Sistema","TimeDate","8","5","","",""
"827","CAPKilos","Kilos Env.","Numeric","10","2","","","Y"
"1125","CAPLinea","Linea","Numeric","4","","","",""
"1141","CAPLinEmba","Linea de Embalaje","Numeric","4","","","",""
"1124","CapMaquina","Maquina","Numeric","4","","","",""
"824","CAPMM","Mes","Numeric","2","","","","Y"
"830","CAPNDesp","Nº Despacho","Numeric","10","","","","Y"
"821","CAPNproc","Nº Proceso","Numeric","10","","","","Y"
"1126","CAPPerson","Persona","Numeric","9","","","",""
"831","CAPTipo","Tipo Despacho","Numeric","","","","",""
"100","Catcod","CT","Numeric","3","","","","N"
"101","CatNom","Nombre Categoria","Character","20","","","","N"
"351","CatNomC","Nombre Corto","Character","4","","","","N"
"835","CatnomExt","Nombre Externo","Character","20","","","","N"
"1112","CatSECod","Cod.Integracion","Character","10","","","","Y"
"890","Cliciu","Ciudad","Character","30","","","","N"
"102","CliCod","Codigo","Numeric","5","","","","N"
"891","CliCom","Comuna","Character","30","","","","N"
"888","Clidirec","Direccion","Character","40","","","","N"
"104","CliDv","CliDv","Character","","","","","N"
"892","CliFono","Fono","Character","30","","","","N"
"889","CliGiro","Giro","Character","30","","","","N"
"51","CliNom","Nombre","Character","40","","","","N"
"1043","CliRegion","Cli Region","Character","20","","","",""
"103","Clirut","Rut","Numeric","9","","","","Y"
"932","cntEstado","Estado Folio","Numeric","4","","","","N"
"931","cntFcrea","Fecha Crea","Date","8","","99/99/9999","","Y"
"933","cntFocupa","Fecha Ocupa/Anula","Date","8","","99/99/9999","","Y"
"930","cntFolio","Folio","Character","10","","","","Y"
"737","ComCod","Cod.","Character","10","","","",""
"738","Comdesc","Comuna","Character","20","","","",""
"115","ConCod","Codigo Condicion","Numeric","2","","","",""
"117","ConEst","Estado 1 Activo; 2 Bloq","Numeric","","","","",""
"836","ConfCod","Codigo Etiqueta","Character","10","","","",""
"849","ConfDato1a","Dato a","Numeric","4","","","","N"
"850","ConfDato1b","Dato b","Numeric","4","","","","N"
"1130","ConfEstado","Conf Estado","Numeric","2","","","","N"
"847","ConfFecC","Fecha Crea","TimeDate","8","5","","",""
"1129","ConfID","Conf ID","Numeric","2","","","","N"
"839","ConfLin1","Linea 1","Character","3","","","","Y"
"848","ConfLin1b","Linea 1b","Character","3","","","","Y"
"845","ConfLinea","Linea","Numeric","2","","","",""
"846","ConfLogCrea","Login Crea","Character","10","","@!","","Y"
"852","ConfSepFec","Separador","Character","","","","","N"
"837","ConfText1a","Texto Linea 1 a","Character","35","","","",""
"838","ConfText1b","Texto Linea 1 b","Character","35","","","",""
"869","ConfTipEti","Tipo Etiqueta","Character","20","","","",""
"851","ConfTipFecha","Tipo Fecha","Numeric","","","","","N"
"116","ConNom","Nombre Condicion","Character","15","","","",""
"349","ConNomC","Nombre corto","Character","4","","","",""
"91","ConsCod","Codigo","Numeric","3","","","","Y"
"93","ConsDV","ConsDV","Character","","","","",""
"94","ConsNom","Nombre Consignatario","Character","30","","","","N"
"92","ConsRut","Rut","Numeric","9","","ZZZZZZZZ9","","Y"
"63","CuarCod","Cod.Cuartel","Numeric","5","","","","Y"
"64","CuarNom","Nombre Cuartel","Character","35","","","","Y"
"357","CuarnomC","cuartel Corto","Character","4","","","",""
"479","DACod","Cod.","Numeric","2","","","","N"
"480","DANombre","Despachador Autorizado","Character","30","","","","N"
"481","DAVig","Vigente","Numeric","","","","","N"
"855","DCSDesp","Nº Despacho","Numeric","10","","","","Y"
"859","DCSFecC","Fecha Crea","TimeDate","8","5","","",""
"856","DCSFecha","Fecha","Date","8","","99/99/9999","","Y"
"857","DCSGlosa","Glosa","Character","50","","","",""
"858","DCSLogin","Login Crea","Character","10","","@!","","Y"
"861","DCSNumint","NºInterno","Numeric","10","","","","Y"
"860","DCSTotCajas","Total de Cajas","Numeric","10","","","","Y"
"749","DesMPCod","Cod.","Numeric","4","","","",""
"750","DesMPNom","Dest. Multipuerto","Character","30","","","",""
"574","DesOT1Cajas","Cajas","Numeric","4","","","","Y"
"570","DesOT1Cor","Corr.","Numeric","4","","","",""
"572","DesOT1Espe","ES","Numeric","3","","","","N"
"571","DesOT1Folio","Folio","Character","10","","","","Y"
"949","DesOT1Kilos","Kilos","Numeric","10","2","","","Y"
"573","DesOT1NEspe","Especie","Character","20","","","","N"
"575","DesOT1Ori","Origen","Numeric","4","","","","N"
"1140","DesOT1TipF","Tipo Fruta","Numeric","4","","","",""
"579","DesOTFecC","Fecha Crea","Date","8","","99/99/9999","","Y"
"569","DesOTFecha","Fecha Despacho","Date","8","","99/99/9999","","Y"
"1188","DESOTIndi","Indicador Traslado","Numeric","4","","","","N"
"578","DEsOTLoginC","Login Crea","Character","10","","@!","","Y"
"953","DesOTNguiInt","Nºguia Interno","Numeric","10","","","","Y"
"568","DesOTNumG","N°Guia","Numeric","10","","","","Y"
"567","DesOTNumI","N°Interno","Numeric","10","","","","Y"
"948","DesOTTipo","Tipo Despacho","Numeric","4","","","","N"
"577","DesOTTotCaj","Total de Cajas","Numeric","7","","","","Y"
"576","DesOTTotFol","Total de Folios","Numeric","4","","","",""
"950","DesOTTotKil","Total Kilos","Numeric","10","2","","","Y"
"747","DestCMP","Codigo Origen","Numeric","4","","","","N"
"83","DestCod","Codigo","Numeric","3","","","","N"
"748","DestNMP","Dest.Multipuerto","Character","30","","","","N"
"84","DestNom","Nombre Destino","Character","20","","","","N"
"1036","DMA2Cajas","Cajas","Numeric","4","","","","Y"
"1034","DMA2Corr","Corr.","Numeric","3","","","","N"
"1035","DMA2FecProc","Fecha Proceso","Date","8","","99/99/9999","","Y"
"1037","DMA2Kilos","Kilos","Numeric","10","2","","","Y"
"1028","DMACodTrata","Cod Trata","Character","20","","","","N"
"1029","DMAContenedor","Contenedor","Character","30","","","","N"
"1044","DMADespacha","Despachador","Character","40","","","",""
"1020","DMAEstado","Estado","Numeric","","","","","N"
"1024","DMAFecAnula","Fecha Anula","Date","8","","99/99/9999","","Y"
"1022","DMAFecCrea","Fecha Crea","Date","8","","99/99/9999","","Y"
"1008","DMAFecha","Fecha Despacho","Date","8","","99/99/9999","","Y"
"1023","DMALogAnula","Login Anula","Character","10","","@!","","Y"
"1021","DMALogcre","Login crea","Character","10","","@!","","Y"
"1018","DMANave","Nave","Character","30","","","","N"
"1011","DMANguia","Nº Guia","Numeric","10","","","","Y"
"1017","DMANpuertoD","Puerto Destino","Character","25","","","","N"
"1010","DMANPuertoE","Puerto Embarque","Character","25","","","","N"
"1014","DMANSellos","Nº Sellos","Character","30","","","","N"
"1006","DMANum","Nº Interno","Numeric","10","","","","Y"
"1047","DMANumDUS","Nº Despacho US","Numeric","10","","","","Y"
"1007","DMANumf","Nº Planilla SAG","Numeric","10","","","","Y"
"1019","DMAObs1","Observaciones","Character","200","","","","N"
"1030","DMAPalBin","Pallet/Bins","Numeric","","","","","N"
"1013","DMAPatente","Patente","Character","30","","","","N"
"1016","DMAPuertoD","Puerto Destino","Numeric","3","","","","N"
"1009","DMAPuertoE","Puerto Embarque","Numeric","3","","","","N"
"1031","DMAtipoD","Tipo Despacho","Numeric","","","","","N"
"1012","DMATipoTrans","Tipo Transporte","Character","30","","","","N"
"1005","DMATipPlani","Tipo Planilla","Numeric","2","","","","N"
"1032","DMATotCaja","Total Cajas","Numeric","7","","","","Y"
"1033","DMATotKls","Total Kls","Numeric","10","2","","","Y"
"1045","DMATotPallet","Total de Pallet","Numeric","4","","","",""
"1025","DMAtrata","Tratamiento","Character","50","","","","N"
"1026","DMATrata2","Tratamiento2","Character","50","","","","N"
"1027","DMATrata3","Tratamiento 3","Character","50","","","","N"
"1015","DMAUbicacion","Ubicacion","Character","30","","","","N"
"1054","DMPConTra","Concentracion de Tratamiento","Character","50","","","",""
"1055","DMPDuraTra","Duracion de Tratamiento","Character","50","","","",""
"1053","DMPFecTra","Fecha de Tratamiento","Date","8","","99/99/9999","","Y"
"1057","DMPNSello1","Nº de Sello 1","Character","30","","","",""
"1058","DMPNSello2","Nº de Sello 2","Character","30","","","",""
"1059","DMPNSello3","Nº de Sello 3","Character","30","","","",""
"1060","DMPNSello4","Nº de Sello 4","Character","30","","","",""
"1050","DMPPlani","Nº Desp INT","Numeric","10","","","","Y"
"1061","DMPUbi1","Ubicacion","Numeric","4","","","","N"
"1062","DMPUbi2","Ubicacion","Numeric","4","","","","N"
"1063","DMPUbi3","Ubicacion","Numeric","4","","","","N"
"1064","DMPUbi4","Ubicacion","Numeric","4","","","","N"
"484","Dor1Cajas","Cajas","Numeric","4","","","","Y"
"483","dor1espe","Especie","Numeric","3","","","","N"
"482","dor1Folio","Folio","Character","10","","","","Y"
"485","Dor1Kilos","Kilos","Numeric","10","2","","","Y"
"501","Dor1Nespe","Especie","Character","20","","","","N"
"511","Dor1Nsol","N°Solicitud","Numeric","10","","","","Y"
"499","Dor2Cajas","Cajas","Numeric","4","","","","Y"
"498","Dor2cal","Calibre","Character","10","","","","Y"
"496","Dor2cat","CA","Numeric","3","","","","N"
"514","Dor2ComP","Comuna","Character","20","","","","N"
"487","Dor2Corr","Corr.","Numeric","3","","","",""
"494","Dor2env","EN","Numeric","3","","","","N"
"488","Dor2espe","Especie","Numeric","3","","","","N"
"491","Dor2fecproc","Fec.Proceso","Date","8","","99/99/9999","","Y"
"500","Dor2Kilos","Kilos","Numeric","10","2","","","Y"
"497","Dor2Ncat","Categoria","Character","20","","","","N"
"495","Dor2NeNV","Envase","Character","20","","","","N"
"910","dor2NenvC","Envase","Character","10","","","","N"
"502","Dor2Nespe","Especie","Character","20","","","","N"
"493","Dor2NProd","Productor","Character","35","","","","N"
"490","Dor2Nvar","Variedad","Character","20","","","","N"
"492","Dor2Prod","PR","Character","6","","","","N"
"516","Dor2ProvP","Provincia","Character","20","","","","N"
"489","Dor2var","VA","Numeric","5","","","","N"
"875","DorCodTrata","Cod Trata","Character","20","","","",""
"754","DorContenedor","Contenedor","Character","30","","","",""
"506","DorEstado","Estado","Numeric","","","","","N"
"510","DorFecAnula","Fecha Anula","Date","8","","99/99/9999","","Y"
"508","DorFecCrea","Fecha Crea","Date","8","","99/99/9999","","Y"
"464","DorFecha","Fecha Despacho","Date","8","","99/99/9999","","Y"
"509","DorLogAnula","Login Anula","Character","10","","@!","","Y"
"507","DorLogcre","Login Crea","Character","10","","@!","","Y"
"477","DorNave","Nave","Character","30","","","",""
"470","DorNguia","N°Guia","Numeric","10","","","","Y"
"476","DorNpuertoD","Puerto Destino","Character","25","","","","N"
"469","DorNPuertoE","Puerto Embarque","Character","25","","","","N"
"473","DorNSellos","N° de Sellos","Character","30","","","",""
"462","DORNum","N° Interno","Numeric","10","","","","Y"
"463","DORNumf","N° Planilla SAG","Numeric","10","","","","Y"
"478","DorObs1","Observaciones","Character","200","","","",""
"755","DorPalBin","Pallet/Bins","Numeric","","","","","N"
"472","DorPatente","Patente","Character","30","","","",""
"475","DorPuertoD","Puerto Destino","Numeric","3","","","","N"
"468","DorPuertoE","Puerto Embarque","Numeric","3","","","","N"
"876","DortipoD","tipo despacho","Numeric","","","","",""
"471","DorTipoTrans","Tipo Transporte","Character","30","","","",""
"461","DorTipPlani","Tipo Planilla","Numeric","2","","","",""
"503","DorTotCajas","Total Cajas","Numeric","7","","","","Y"
"505","DorTotFol","Total Folios","Numeric","4","","","","Y"
"504","DorTotKilos","Total Kilos","Numeric","10","2","","","Y"
"643","Dortrata","Tratamiento","Character","50","","","",""
"873","DorTrata2","Tratamiento 2","Character","50","","","",""
"874","Dortrata3","Tratamiento 3","Character","50","","","",""
"474","DorUbicacion","Ubicacion","Character","30","","","",""
"11","EmpCod","Codigo","Numeric","2","","Z9","","N"
"460","EmpCodCom","Codigo de Comuna","Character","20","","","",""
"459","EmpCodSAG","Codigo SAG","Numeric","10","","","",""
"868","Empcom","Comuna","Character","20","","","",""
"14","Empdir","Direccion","Character","30","","","",""
"16","EmpDV","DV","Character","","","@!","",""
"13","EmpGiro","Giro","Character","35","","","",""
"12","EmpNom","Nombre Empresa","Character","50","","","","N"
"19","EmpPar1","EmpPar1","Numeric","","","9","",""
"20","EmpPar2","EmpPar2","Numeric","","","9","",""
"867","Empprov","Provincia","Character","20","","","",""
"312","empreg","Region","Character","4","","","","N"
"17","EmpRepre","Representante Legal","Character","20","","","",""
"15","EmpRut","Rut","Numeric","9","","ZZZZZZZZ9","","Y"
"552","EmpRutIMG","Ruta Imagen","Character","100","","","",""
"372","empSisProd","Sistema de Produccion","Numeric","","","","","N"
"18","EmpSw","EmpSw","Numeric","","","9","",""
"373","EmpTempLot","Temporada Lotes","Numeric","4","","","",""
"677","EmpTReg","Indicador Datos Exportadora","Numeric","","","","","N"
"741","ENMTCod","Cod.","Numeric","4","","","",""
"742","ENMTDesc","Envases Multipuerto","Character","20","","","",""
"751","EnvCMP","Env CMP","Numeric","4","","","","N"
"95","EnvCod","EN","Numeric","3","","","","N"
"98","EnvDestare","Destare","Numeric","5","2","","","N"
"752","EnvNMP","Env. Multipuerto","Character","20","","","","N"
"96","EnvNom","Nombre envase","Character","20","","","","N"
"350","EnvnomC","Nombre Corto","Character","10","","","","N"
"834","EnvNomExt","Nombre Externo","Character","20","","","","N"
"97","EnvPeso","Peso Envase","Numeric","6","2","","","N"
"1185","EnvPesoB","Env Peso B","Numeric","5","2","","","N"
"1111","EnvSECod","Cod. Integracion","Character","10","","","","Y"
"99","EnvUso","Uso","Numeric","","","","","N"
"745","EspeCMP","Cod. Multipuerto","Numeric","4","","","","N"
"72","Especod","ES","Numeric","3","","","","Y"
"74","EspeDiaV","EspeDiaV","Numeric","2","","","",""
"746","EspeNMP","Nombre Multipuerto","Character","100","","","","N"
"73","EspeNom","Especie","Character","20","","","","N"
"347","EspeNomC","Nombre Corto","Character","4","","","",""
"833","EspeNomExt","Nombre Externo","Character","20","","","",""
"678","EspePLU","Espe PLU","Character","15","","","","Y"
"151","EspeSag","Codigo Sag","Numeric","8","","","",""
"1113","EspeSECod","Cod.Integracion","Character","10","","","","Y"
"66","ExpCod","ExpCod","Numeric","4","","","","Y"
"1048","EXPCodMP","Codigo Multipuerto","Numeric","5","","","",""
"70","ExpDv","ExpDv","Character","","","","","N"
"68","ExpNom","Nombre Exportadora","Character","40","","","","Y"
"69","ExpRut","ExpRut","Numeric","9","","ZZZZZZZZ9","","Y"
"1115","EXPSECod","Cod.Integracion","Character","10","","","","Y"
"964","Fac1Cant","Cantidad","Numeric","13","2","","","Y"
"961","Fac1Corr","Corr.","Numeric","4","","","","N"
"962","Fac1Detalle1","Detalle 1","Character","80","","","","N"
"963","Fac1Detalle2","Detalle 2","Character","80","","","","N"
"965","Fac1PUnit","P. Unitrario","Numeric","13","2","","","Y"
"979","Fac1PunitUSD","P.Unit USD","Numeric","13","2","","","Y"
"966","Fac1Total","Total","Numeric","10","","","","Y"
"980","Fac1TotalUSD","Total USD","Numeric","13","2","","","Y"
"1192","FacClauVenCod","Fac Clau Ven Cod","Numeric","10","","","","N"
"1208","FacClauVensigla","Fac Clau Vensigla","Character","10","","","","N"
"957","FacCPago","Condicion de Pago","Character","20","","","","N"
"1212","FacDocRef","Docto. Referencia","Numeric","10","","","","Y"
"1194","FacDus","DUS","Numeric","10","","","","N"
"994","FacEmisor","Emisor","Numeric","2","","","","N"
"972","FacEstado","Estado","Numeric","4","","","","N"
"971","FacFecha","Fecha Emision","Date","8","","99/99/9999","","Y"
"1190","FacForPcod","Forma Pago","Numeric","4","","","","N"
"1209","FacForPsigla","Sigla","Character","10","","","","N"
"959","FacIva","Iva","Numeric","10","","","","Y"
"1191","FacModvenCod","Fac Modven Cod","Numeric","10","","","","N"
"1210","FacModvenSigla","Fac Modven Sigla","Character","10","","","","N"
"958","FacNeto","Neto","Numeric","10","","","","Y"
"956","FacNum","NºInterno","Numeric","10","","","","Y"
"969","FacNumI","Nº Factura","Numeric","10","","","","Y"
"1195","FacNumPack","numero packing","Numeric","10","","","","Y"
"992","FacObs1","Observaciones1","Character","80","","","","N"
"993","FacObs2","Observaciones2","Character","80","","","","N"
"967","FacPiva","%Iva","Numeric","2","","","","N"
"1196","FacTipCambio","Fac Tip Cambio","Numeric","8","2","","","N"
"1189","FacTipDoc","Tipo de Documento","Numeric","10","","","","N"
"1216","FacTipDoc1","Tipo de Documento","Numeric","10","","","","Y"
"1214","FacTipRef","Tipo Referencia","Numeric","2","","","","N"
"960","FacTotal","Total","Numeric","10","","","","Y"
"991","FacTotalUSD","Total USD","Numeric","13","2","","","Y"
"1193","FacViaTraCod","Fac Via Tra Cod","Numeric","10","","","","N"
"1211","FacViaTraDesc","Fac Via Tra Desc","Character","100","","","","N"
"943","FCOFecC","Fecha Crea","Date","8","","99/99/9999","","Y"
"941","FCOFecha","Fecha Ingreso","Date","8","","99/99/9999","","Y"
"945","FCOKilos","Kilos","Numeric","10","2","","","Y"
"942","FCOLoginI","Login Ingresa","Character","10","","@!","","Y"
"944","FCONEnv","NºEnvases","Numeric","4","","","","Y"
"940","FCONumI","Nº de Ingreso","Numeric","10","","","","Y"
"947","FCOOBS","Observacion","Character","50","","","",""
"952","FCOOrigen","Origen del Registro","Numeric","4","","","","N"
"946","FCOProceso","Nº Proceso","Numeric","10","","","","Y"
"1080","FolD1AcumCaja","Acumulado de Cajas","Numeric","10","","","",""
"1078","FolD1Cajas","cajas","Numeric","4","","","","Y"
"1109","FolD1CIns","Folio Inspeccion","Character","10","","","","Y"
"1076","FolD1Corr","Corr.","Numeric","4","","","",""
"1108","FolD1CPreIns","Folio Pre-Inspeccion","Character","10","","","","Y"
"1077","FolD1Folio","Folio","Character","10","","","","Y"
"1104","FolDCFolios","Cuenta de folios","Numeric","4","","","",""
"1075","FolDFecha","Fecha","Date","8","","99/99/9999","","Y"
"1100","FolDGlosa","Glosa","Character","40","","","",""
"1074","FolDNdoc","Nº de Documento","Numeric","10","","","","Y"
"1105","FolDSCajas","Suma de Cajas","Numeric","10","","","","Y"
"1103","FolDTipDes","Tipo Despacho","Character","2","","","","N"
"1101","FolDTipM","Tipo Muestreo","Character","2","","","","N"
"1102","FolDTipSel","Tipo Seleccion","Character","2","","","","N"
"1200","ForPaCod","For Pa Cod","Numeric","4","","","","N"
"1201","ForPaDesc","For Pa Desc","Character","200","","","","N"
"1202","ForPaSigla","For Pa Sigla","Character","10","","","","N"
"255","FP2Cajas","Cajas","Numeric","4","","","",""
"699","Fp2CajasO","Cajas Originales","Numeric","4","","","","Y"
"726","FP2CajasRep","Cajas Rep","Numeric","4","","","","Y"
"422","FP2Cor","Corr.","Numeric","3","","","",""
"265","fp2especod","ES","Numeric","3","","","","N"
"273","Fp2Estado","Estado Folios Detalle","Numeric","2","","","","Y"
"267","fp2expcod","fp2expcod","Numeric","4","","","","N"
"248","FP2Fecha","Fecha Proceso","Date","8","","99/99/9999","","Y"
"275","Fp2Ins","Numero Inspeccion Detalle","Numeric","10","","","",""
"256","FP2Kilos","Kilos","Numeric","7","2","","","Y"
"271","Fp2MovRep","Movimiento en Repa","Numeric","","","","","N"
"416","fp2nomespe","Especie","Character","20","","","","N"
"617","fp2NomExp","Exportadora","Character","40","","","","N"
"247","FP2NProc","N°Lote","Numeric","10","","","","Y"
"274","Fp2Tipo","Tipo de Registro 0 normal; 1 Rep ;","Numeric","2","","","",""
"266","fp2varcod","VA","Numeric","5","","","","N"
"415","fp2Varnom","Variedad","Character","20","","","","N"
"276","FPDesOri","N° Despachado Origen","Numeric","10","","","",""
"277","FPDesOT","N° Otros Despachos","Numeric","10","","","",""
"278","FPDesUsda","N° Despacho Usda","Numeric","10","","","",""
"310","FPDisponible","Disponible 1 si ; 0 no","Numeric","","","","","N"
"420","FPEspe","ES","Numeric","3","","","","N"
"246","FPEstado","Estado","Numeric","2","","","","Y"
"270","FPFechaIng","Fecha de Ingreso","Date","8","","","",""
"243","FPFolio","Folio","Character","10","","","","Y"
"272","FPIns","N° Inspeccion","Numeric","10","","","",""
"421","FPNomEspe","Especie","Character","20","","","","N"
"346","FPOrdProc","Orden de Proceso.","Numeric","10","","","","N"
"929","FPOrigen","Origen","Numeric","2","","","","Y"
"257","FPTotalCajas","Total Cajas","Numeric","4","","","",""
"258","FPTotalKilos","Total Kilos","Numeric","10","2","","","Y"
"704","FR0Estado","Estado","Numeric","","","","","N"
"703","FR0FecC","Fecha Crea","Date","8","","99/99/9999","","Y"
"701","FR0Fecha","Fecha","Date","8","","99/99/9999","","Y"
"702","FR0LoginC","Login Crea","Character","10","","@!","","Y"
"700","FR0NumI","Numero Interno","Numeric","10","","","","Y"
"708","FR1Cajas","Cajas Reales","Numeric","4","","","","Y"
"710","FR1CajasF","Cajas Fin","Numeric","4","","","","Y"
"709","FR1CajasR","Cajas Rep","Numeric","4","","","","Y"
"711","FR1Calt","Altura","Numeric","3","","","","N"
"713","FR1CBase","Base","Numeric","3","","","","N"
"733","FR1CET","Etiqueta","Numeric","3","","","",""
"706","FR1Espe","Espe","Numeric","3","","","","N"
"734","FR1Exp","Exportadora","Numeric","4","","","","Y"
"705","FR1Folio","Folio","Character","10","","","","Y"
"712","FR1Nalt","Altura","Character","20","","","","N"
"714","FR1NBase","Base","Character","20","","","","N"
"707","FR1NEspe","Especie","Character","20","","","","N"
"723","FR2Cajas","Cajas","Numeric","4","","","","Y"
"725","FR2CajasF","Cajas Fin","Numeric","4","","","","Y"
"724","FR2CajasR","Cajas Rep","Numeric","4","","","","Y"
"722","FR2Cal","CL","Character","10","","","","Y"
"721","FR2Cat","CA","Numeric","3","","","","N"
"715","FR2Corr","Corr","Numeric","3","","","",""
"720","FR2Env","EN","Numeric","3","","","","N"
"718","FR2Espe","ES","Numeric","3","","","","N"
"716","FR2FecProc","Fecha Proceso","Date","8","","99/99/9999","","Y"
"731","FR2NCat","Categoria","Character","20","","","","N"
"730","FR2NEnv","Envase","Character","20","","","","N"
"728","FR2NEspe","Especie","Character","20","","","","N"
"727","FR2NProd","Productor","Character","35","","","","N"
"729","FR2NVar","Variedad","Character","20","","","","N"
"732","FR2Peso","Peso","Numeric","6","2","","","N"
"717","FR2PRod","PR","Character","6","","","","N"
"736","FR2tara","destare","Numeric","5","2","","","N"
"719","FR2Var","VA","Numeric","5","","","","N"
"780","GECODEMP","GECODEMP","Numeric","3","","ZZ9","","N"
"105","GenCod","GenCod","Character","8","","","",""
"109","GenCor10","GenCor10","Numeric","10","","","",""
"110","GenCor5","GenCor5","Numeric","5","","","",""
"785","GERAZSOC","GERAZSOC","Character","50","","","","N"
"955","GETxCCodigo","Codigo de Grupo","Character","10","","","",""
"954","Gui1Cajas","Cajas","Numeric","4","","","","Y"
"977","Gui1Calibre","Calibre","Character","10","","","","Y"
"885","Gui1Cant","Cantidad","Numeric","10","3","","","N"
"882","Gui1Corr","Corr","Numeric","4","","","","N"
"883","Gui1Detalle1","Detalle 1","Character","80","","","","N"
"884","Gui1Detalle2","Detalle 2","Character","80","","","","N"
"886","Gui1PrecU","Valor Unitario","Numeric","10","","","","Y"
"887","Gui1Total","Total","Numeric","10","","","","Y"
"1158","GuiAgeCod","AgeCod","Numeric","3","","","","Y"
"1159","GuiAgeNom","Nombre Agente","Character","30","","","","N"
"1160","GuiChofer","Chofer","Character","30","","","","N"
"893","GuiCondPago","Condicion de Pago","Character","20","","","","N"
"1151","GuiConsCod","Codigo","Numeric","3","","","","Y"
"1152","GuiConsNom","Nombre Consignatario","Character","30","","","","N"
"1166","GuiContram","Contramarcas","Character","30","","","","N"
"1153","GuiDaCod","Cod.","Numeric","2","","","","N"
"1154","GuiDANombre","Despachador Autorizado","Character","30","","","","N"
"934","GuiDesde","Desde","Character","30","","","","N"
"1187","GuiDestCMP","Gui Dest CMP","Numeric","4","","","","N"
"1156","GuiDestCod","Codigo","Numeric","3","","","","N"
"1157","GuiDestNom","Nombre Destino","Character","20","","","","N"
"1176","GuiDus","Gui Dus","Numeric","10","","","","N"
"938","GuiEmisor","Emisor de Guia","Numeric","2","","","","N"
"1169","GuiEmisor1","Emisor Sello 1","Character","15","","","","N"
"1167","GuiEmisor2","Emisor Sello 2","Character","15","","","","N"
"1163","GuiEmpTrans","Trasnsporte","Character","15","","","","N"
"895","GuiEstado","Estado","Numeric","2","","","","N"
"1149","GuiExpCod","ExpCod","Numeric","4","","","","Y"
"1178","GuiExpDv","ExpDv","Character","","","","","N"
"1150","GuiExpNom","Nombre Exportadora","Character","40","","","","Y"
"1179","GuiExpRut","ExpRut","Numeric","9","","ZZZZZZZZ9","","Y"
"898","GuiFecC","Fecha Crea","Date","8","","99/99/9999","","Y"
"881","GuiFecha","Fecha","Date","8","","99/99/9999","","Y"
"1147","GuiFecZar","Fecha Zarpe","Date","8","","99/99/9999","","Y"
"935","GuiHasta","Hasta","Character","30","","","","N"
"1148","GuiHora","Hora Salida","Character","8","","","","N"
"1145","GuiIndDesExp","Indicador de despacho pulsar","Numeric","4","","","","N"
"897","GuiLogin","Login","Character","10","","@!","","Y"
"1165","GuiMarcas","Cajas","Character","20","","","","N"
"1175","GuiNContenedor","N°Contenedor","Character","20","","","","N"
"968","GuiNFac","NºFactura Int","Numeric","10","","","","Y"
"894","GuiNOC","NºOC","Character","10","","","","N"
"1168","GuiNsello","NºSello 2","Character","10","","","","N"
"1170","GuiNSello1","NºSello","Character","10","","","","N"
"1173","GuinTermograf2","Nº Termografo","Character","20","","","","N"
"1174","GuiNTermografo","N°Termografo","Character","20","","","","N"
"970","GuiNumFactura","NºFactura Venta","Numeric","10","","","","Y"
"879","GuiNumInt","NºInterno","Numeric","10","","","","Y"
"880","GuiNumLeg","NºGuia","Numeric","10","","","","Y"
"939","GuiNumPack","NºPacking List","Numeric","10","","","","Y"
"1172","GuiNumPalTer1","NºPallet Term","Character","10","","","","N"
"1171","GuiNumPalTer2","NºPallet Term2","Character","10","","","","N"
"896","GuiOrigen","Origen","Numeric","2","","","","N"
"1155","GuiPackNave","Nave","Character","30","","","","N"
"1162","GuiPatente","Patente","Character","30","","","","N"
"1164","GuiRutChofer","Rut Chofer","Character","12","","","","N"
"1177","GuiSPSN","SPS Nº","Character","10","","","","N"
"1161","GuiTipCamion","Tipo Camion","Character","30","","","","N"
"1144","GuiTipDesExp","Tipo de Despacho Pulsar","Numeric","4","","","","N"
"976","GuiTipos","Tipo Despacho","Numeric","4","","","","N"
"936","GuiTotal","Total Guia","Numeric","10","","","","Y"
"978","GuiTotCajas","Total Cajas","Numeric","4","","","","Y"
"975","GuiTotCant","Total Cantidad","Numeric","13","2","","","Y"
"774","HHSCor","HHSCor","Numeric","4","","","",""
"772","HHSDESCRIP","HHSDESCRIP","Character","20","","","",""
"773","HHSdescripL","HHSdescrip L","Character","40","","","",""
"770","HHSDIA","HHSDIA","Character","20","","","",""
"777","HHSDom","HHSDom","Numeric","","","","",""
"762","HHSEMP","HHSEMP","Character","4","","","",""
"764","HHSFin","HHSFin","Character","5","","","",""
"763","HHSIni","HHSIni","Character","5","","","",""
"771","HHSLugar","HHSLugar","Character","50","","","",""
"775","HHSLV","HHSLV","Numeric","","","","",""
"765","HHSnumD","HHSnum D","Numeric","2","","","",""
"766","HHSPau","HHSPau","Character","5","","","",""
"769","HHSPHTD","HHSPHTD","Character","4","","","",""
"768","HHSPHTP","HHSPHTP","Character","4","","","",""
"776","HHSSab","HHSSab","Numeric","","","","",""
"778","HHSTIPO","HHSTIPO","Character","4","","","",""
"345","HisAAMM","Añomes F:AAAAMM","Numeric","6","","","",""
"215","HisCant","HisCant","Numeric","12","","","","Y"
"212","HisCondi","Condi","Numeric","2","","","","Y"
"207","HisCuar","Cuartel","Numeric","5","","","","Y"
"211","HisEnv","Env","Numeric","3","","","","Y"
"209","Hisespe","Especie","Numeric","3","","","","Y"
"216","HisKilos","Kilos","Numeric","13","2","","","Y"
"206","HisOricod","Origen","Numeric","2","","","","Y"
"208","HisProd","productor","Character","6","","","","Y"
"214","HisStMov","Stmov","Numeric","2","","","",""
"205","HisTipo","Tipo 1 Ape. Men, 2 Ape Anual","Numeric","2","","","",""
"213","HisTMov","Mov","Numeric","2","","","",""
"210","HisVar","Var","Numeric","5","","","","Y"
"767","HRCod","HRCod","Character","4","","","",""
"757","HRFin","HRFin","Character","5","","","",""
"756","HRini","HRini","Character","5","","","",""
"758","HRpausa","HRpausa","Character","5","","","",""
"1067","INACCod","Cod. Ing Activo","Numeric","4","","","",""
"1068","INACNom","Ingrediente Activo","Character","50","","","",""
"1139","LConfCodPer","Persona Asignada","Numeric","4","","","",""
"1138","LConfFecLog","Fecha Log","TimeDate","8","5","","",""
"1137","LConfLogin","Login","Character","10","","@!","","Y"
"1131","LinDesc","descripcion","Character","20","","","","N"
"1135","LinEstado","Estado","Numeric","4","","","","N"
"1136","LinEstConf","Estado de configuracion","Numeric","","","","","N"
"1128","LinID","Lin ID","Numeric","2","","","","N"
"1127","LinMaquina","Maquina","Numeric","2","","","","N"
"1134","LinPC","Lin PC","Character","20","","","","N"
"1132","LinPerCod","Persona En Linea","Numeric","9","","","","N"
"1133","LinUbica","Ubicacion de la Linea","Character","20","","","","N"
"986","LSPFecD","Desde","Date","8","","99/99/9999","","Y"
"987","LSPFecH","Hasta","Date","8","","99/99/9999","","Y"
"990","LSPIndTodos","Valido para Cliente Especie","Numeric","4","","","",""
"988","LSPPrecioU","Precio Unitario","Numeric","13","2","","","Y"
"1197","MaeClauCod","Codigo Clausula de venta","Numeric","10","","","","Y"
"1198","MaeClauDesc","Descripcion","Character","100","","","","N"
"1199","MaeClauSigla","Sigla","Character","10","","","","N"
"1142","MaeLinCod","Mae Lin Cod","Numeric","4","","","",""
"1143","MaeLinDes","Mae Lin Des","Character","20","","","",""
"1206","MaeViaCod","Codigo","Numeric","10","","","","Y"
"1207","MaeViaDesc","Descripcion","Character","100","","","","N"
"7","Modcod","Codigo","Numeric","3","","ZZ9","",""
"23","ModDes","Descripcion","Character","30","","","",""
"24","ModFcrea","Creado","Date","8","","99/99/9999","","Y"
"22","Modprg","Programa","Character","15","","","",""
"21","ModTipo","ModTipo","Numeric","","","9","",""
"1203","ModVenCod","codigo modalidad de venta","Numeric","10","","","","Y"
"1204","ModVenDesc","Descripcion","Character","100","","","","N"
"1205","ModVenSigla","Mod Ven Sigla","Character","10","","","","N"
"982","MonCod","MonCod","Numeric","2","","","","N"
"983","MonDes","Nombre Moneda","Character","20","","","","N"
"989","MonLogC","MonLogC","Character","10","","@!","","Y"
"791","Mov1AA","Año","Numeric","4","","","",""
"141","Mov1Condi","Condicion","Numeric","2","","","","N"
"133","Mov1Cuar","Mov1Cuar","Numeric","5","","","","N"
"169","Mov1Destare","Destare","Numeric","6","2","","",""
"800","Mov1EnvPROC","Env. Procesados","Numeric","7","","","","Y"
"134","Mov1Espe","Especie","Numeric","3","","","","N"
"149","Mov1Fecha","Fecha","Date","8","","99/99/9999","","Y"
"147","Mov1KilB","Kilos Brutos","Numeric","10","2","","","Y"
"790","Mov1KilN","Kilos Netos","Numeric","10","2","","","Y"
"792","Mov1MM","Mes","Numeric","2","","","","Y"
"157","Mov1Ncondi","Condicion","Character","15","","","","N"
"150","Mov1NCuar","Nombre Cuartel","Character","35","","","","N"
"139","Mov1NEnv","Nombre envase","Character","20","","","","N"
"153","Mov1NEspe","Especie","Character","20","","","","N"
"793","Mov1Nlote","Nº Lote","Numeric","10","","","","Y"
"143","Mov1NumE","N° Envases","Numeric","7","","","","Y"
"155","Mov1NVar","Variedad","Character","20","","","","N"
"145","Mov1Peso","Mov1Peso","Numeric","6","2","","","Y"
"162","Mov1STM","Sub Tipo Mov","Numeric","2","","","",""
"137","Mov1TEnv","Tipo Envase","Numeric","3","","","","N"
"161","Mov1TM","Tipo Mov","Numeric","2","","","",""
"135","Mov1Var","Variedad","Numeric","5","","","","N"
"1122","MovAuto","Aut/Manual","Numeric","4","","","",""
"797","MovFecC","Fecha Crea","TimeDate","8","5","","",""
"129","MovFecha","Fecha","Date","8","","99/99/9999","","Y"
"799","MovFecUPD","Fecha UPD","TimeDate","8","5","","",""
"795","MovGBrik","Gº Bricks","Numeric","5","2","","",""
"794","MovGrados","Grados","Numeric","5","2","","",""
"160","MovItem","MovItem","Numeric","3","","","",""
"796","MovLoginC","Login Crea","Character","10","","@!","","Y"
"798","MovLoginUPD","Login UPD","Character","10","","@!","","Y"
"126","MovNGuia","N° de Guia","Numeric","10","","","","Y"
"130","MovNProd","MovNProd","Character","35","","","","N"
"159","MovObs","MovObs","Character","250","","","","Y"
"127","MovProd","Productor","Character","6","","","","N"
"168","movTdnom","movTdnom","Character","20","","","","N"
"163","MovTDoc","Tipo Documento","Numeric","2","","","","N"
"170","MovTotE","Total Envases","Numeric","10","","","",""
"789","MovTotKilB","Kilos Brutos","Numeric","10","2","","","Y"
"788","MovTotKilN","Kilos Netos","Numeric","10","2","","","Y"
"30","NsegDel","NsegDel","Numeric","3","","ZZ9","",""
"28","NsegDes","NsegDes","Character","35","","","",""
"26","NSegDMod","NSegDMod","Character","30","","","",""
"29","NSegIns","NSegIns","Numeric","3","","ZZ9","",""
"32","NsegLogA","NsegLogA","Character","10","","@!","","Y"
"25","NSegMod","NSegMod","Numeric","3","","ZZ9","",""
"344","NsegPRC","Nseg PRC","Numeric","3","","","",""
"27","NSegProg","NSegProg","Numeric","3","","","",""
"31","NsegUPD","NsegUPD","Numeric","3","","ZZ9","",""
"813","Ordp1Env","Nº Envases a Proceso","Numeric","7","","","","Y"
"814","Ordp1Kilos","Kilos a Proceso","Numeric","10","2","","","Y"
"812","Ordp1Nlote","Nºlote","Numeric","10","","","","Y"
"862","OrdpCodEti","Cod. Etiqueta","Character","10","","","",""
"811","OrdpDesecho","Kilos Desecho","Numeric","10","2","","","Y"
"809","OrdpEnvCom","Env.Comercial","Numeric","7","","","","Y"
"807","OrdpEnvExp","Env.Exp.","Numeric","7","","","","Y"
"817","OrdpEstado","Estado","Numeric","2","","","","N"
"951","OrdpETIxCal","Etiquetas por Calibre?","Numeric","4","","","","N"
"819","OrdpFecA","Fec. Anula","TimeDate","8","5","","",""
"816","OrdpFecC","Fecha Crea","TimeDate","8","5","","",""
"802","OrdpFecha","Fecha Proceso","Date","8","","99/99/9999","","Y"
"866","OrdpHHFinP","Fin Proceso","TimeDate","8","5","","",""
"865","OrdpHHIniP","Inicio Proceso","TimeDate","8","5","","",""
"810","OrdpKilosCom","Kilos Comercial","Numeric","10","2","","","Y"
"808","OrdpKilosExp","Kilos Exp.","Numeric","10","2","","","Y"
"818","OrdpLoginA","Login Anula","Character","10","","@!","","Y"
"815","OrdploginC","LoginC","Character","10","","@!","","Y"
"801","Ordpnum","Nº Proceso","Numeric","10","","","","Y"
"864","OrdpTEnvNom","Envase","Character","20","","","","N"
"863","OrdpTipEnv","Envase","Numeric","3","","","","N"
"803","OrdpTotEnv","Total Envases","Numeric","10","","","","Y"
"804","OrdpTotKilos","Total Kilos","Numeric","10","2","","","Y"
"112","OriCod","Origen","Numeric","2","","","",""
"114","OriEst","Estado 1 Activo; 2 Bloq","Numeric","","","","",""
"113","Orinom","Nombre Origen","Character","35","","","",""
"525","PackChofer","Chofer","Character","30","","","","N"
"1182","PackCodHDe","Pack Cod HDe","Numeric","3","","","","N"
"1181","PackCodHomo","Pack Cod Homo","Numeric","3","","","","N"
"1003","PackContram","Contramarcas","Character","30","","","","N"
"1146","PackDus","Pack Dus","Numeric","10","","","","N"
"998","PackEmisor1","Emisor Sello 1","Character","15","","","","N"
"1000","PackEmisor2","Emisor Sello 2","Character","15","","","","N"
"1004","PackEmpTrans","Trasnsporte","Character","15","","","","N"
"937","PackEstado","Estado","Numeric","4","","","","N"
"520","PackFecha","Fecha Packing List","Date","8","","99/99/9999","","Y"
"522","PackFecINS","Fecha Insercion","Date","8","","99/99/9999","","Y"
"521","PackFecZar","Fecha Zarpe","Date","8","","99/99/9999","","Y"
"539","PackGuia","N°Guia","Numeric","10","","","","Y"
"524","PackHora","Hora Salida","Character","8","","","","N"
"1183","packIndDesExp","Indicador de despacho pulsar","Numeric","4","","","","N"
"995","PackKilos","Total Kilos","Numeric","10","2","","","Y"
"1186","PackKilosB","Pack Kilos B","Numeric","10","2","","","Y"
"523","PackLoginC","Login Crea","Character","10","","@!","","Y"
"1041","PackMarcas","Marcas","Character","20","","","","N"
"532","PackNave","Nave","Character","30","","","","N"
"534","PAckNContenedor","N°Contenedor","Character","20","","","","N"
"531","PackNPuDe","Puerto Destino","Character","25","","","","N"
"529","PackNPuOr","Puerto Embarque","Character","25","","","","N"
"997","PAckNSello1","NºSello","Character","10","","","","N"
"999","PackNSello2","NºSello 2","Character","10","","","","N"
"1038","PacknTermograf2","Nº Termografo","Character","20","","","","N"
"535","PackNTermografo","N°Termografo","Character","20","","","","N"
"519","PackNumG","N° Guia/Planilla","Numeric","10","","","","Y"
"517","PackNumI","N°Interno","Numeric","10","","","","Y"
"1039","PAckNumPalTer1","NºPallet Term","Character","10","","","","N"
"1040","PackNumPalTer2","NºPallet Term2","Character","10","","","","N"
"1001","PackObs1","Observacion 1","Character","50","","","","N"
"1002","PackObs2","Observacion 2","Character","50","","","","N"
"527","PackPatente","Patente","Character","30","","","","N"
"530","PackPuDe","Puerto Destino","Numeric","3","","","","N"
"528","PackPuOr","Puerto Embarque","Numeric","3","","","","N"
"533","PackRutChofer","Rut Chofer","Character","12","","","","N"
"996","PAckSPSN","SPS Nº","Character","10","","","","N"
"526","PackTipCamion","Tipo Camion","Character","30","","","","N"
"1184","packTipDesExp","Tipo de Despacho Pulsar","Numeric","4","","","","N"
"518","PackTipo","Tipo","Numeric","2","","","","N"
"1042","PackTipoDesp","Tipo de Despacho","Character","20","","","","N"
"536","PackTipPuerto","Tipo Puerto","Numeric","","","","","N"
"537","PackTotCajas","Total de Cajas","Numeric","4","","","","Y"
"538","PackTotPal","Total de Pallet","Numeric","4","","","","N"
"928","PAL2Fechap","Fecha Proceso","Date","8","","99/99/9999","","Y"
"920","PAL2Kilos","Kilos","Numeric","10","2","","","Y"
"919","PAL2NCaja","Codigo de Caja","Numeric","10","","","",""
"927","PAL2Nproc","Nº de Proceso","Numeric","10","","","",""
"926","PALCajas","Cajas por Pallet","Numeric","4","","","","Y"
"921","PALEspe","Especie","Numeric","3","","","","N"
"922","PALEspenom","Especie","Character","20","","","","N"
"925","PALEstado","Estado","Numeric","4","","","","N"
"916","PALFecha","PALFecha","Date","8","","99/99/9999","","Y"
"915","PALFolio","PALFolio","Character","10","","","","Y"
"917","PALLoginC","Login Crea","Character","10","","@!","","Y"
"918","PALLoginM","Login Modifica","Character","10","","@!","","Y"
"923","PalTotCajas","Total Cajas","Numeric","4","","","","Y"
"924","PALTotKilos","Total Kilos","Numeric","10","2","","","Y"
"904","PAR1Cod","Codigo par 2","Numeric","3","","","","N"
"905","PAR1Des","Descripcion","Character","30","","","","N"
"909","Par1Texto","Texto","Character","40","","","","N"
"906","PAR1Valor1","Valor 2-1","Numeric","13","3","","","N"
"907","PAR1Valor2","Valor  2-2","Numeric","13","3","","","N"
"908","PAR1Valor3","Valor 2-3","Numeric","13","3","","","N"
"899","PARCod","Codigo par1","Numeric","4","","","","N"
"900","PARDes","Descripcion","Character","30","","","","N"
"901","PARValor1","Valor1","Numeric","13","3","","","N"
"902","PARValor2","Valor2","Numeric","13","3","","","N"
"903","PARValor3","Valor3","Numeric","13","3","","","N"
"759","PAUCod","PAUCod","Character","5","","","",""
"760","PAUVal1","PAUVal1","Numeric","6","2","","",""
"761","PAUVal2","PAUVal2","Numeric","6","2","","",""
"225","PCant","PCant","Numeric","12","","","","Y"
"224","PCond","PCond","Numeric","2","","","","Y"
"220","PCuar","PCuar","Numeric","5","","","","Y"
"223","PEnv","PEnv","Numeric","3","","","","Y"
"221","PEspe","PEspe","Numeric","3","","","","Y"
"226","PKilos","PKilos","Numeric","13","2","","","Y"
"217","PLogin","PLogin","Character","10","","@!","","Y"
"218","POricod","POricod","Numeric","2","","","","Y"
"219","PProd","PProd","Character","6","","","","Y"
"739","PRGCod","Cod.","Numeric","4","","","",""
"740","PRGDesc","Producto General","Character","100","","","",""
"118","ProcCod","Codigo Procedencia","Numeric","2","","","",""
"120","ProcEst","Estado 1 Activo; 2 bloq","Numeric","","","","",""
"119","ProcNom","Nombre Procedencia","Character","35","","","",""
"57","ProdCod","PR","Character","6","","","","Y"
"870","ProdCodExt","Codigo Externo","Character","10","","","",""
"1071","ProdCodSAG","Cod. Prod. SAG","Character","10","","","",""
"61","ProdComuna","Comuna","Character","20","","","","N"
"108","ProdDv","ProdDv","Character","","","","",""
"59","ProdNom","Nombre Productor","Character","35","","","","Y"
"871","Prodnom2","Nombre 2","Character","20","","","",""
"695","ProdPack","Packing","Character","30","","","",""
"696","ProdPackCom","Comuna Packing","Character","20","","","",""
"697","ProdPackProv","Provincia Packing","Character","20","","","",""
"512","ProdProvincia","Provincia","Character","20","","","",""
"60","ProdRut","Rut","Numeric","9","","ZZZZZZZZ9","","Y"
"1116","ProdSECod","Cod. Integracion","Character","10","","","","Y"
"8","ProgCod","Codigo Programa","Numeric","3","","","",""
"9","ProgDes","Descripcion","Character","35","","","",""
"33","ProgFcrea","Fecha Creacion","Date","8","","99/99/9999","","Y"
"35","ProgNomGX","Nombre Calls","Character","20","","","",""
"783","ProgOPCod","Cod. Opcion","Numeric","4","","","","N"
"784","ProgOPDes","Opciones de Programas","Character","35","","","","N"
"34","ProgTipo","Tipo","Numeric","","","","",""
"10","ProgUsuC","Usuario Asigna","Character","10","","@!","","Y"
"586","PSC_Cor","Corr","Numeric","10","","","",""
"581","PSC_Dest","Destino","Numeric","3","","","","N"
"585","PSC_Env","Env","Numeric","3","","","","N"
"583","PSC_Espe","Espe","Numeric","3","","","","N"
"580","PSC_Expor","Expor","Numeric","4","","","","N"
"589","PSC_Fecha","Fecha","Date","8","","99/99/9999","","Y"
"616","PSC_login","Login-Proceso","Character","20","","","",""
"611","PSC_NDest","PSC_ NDest","Character","20","","","","N"
"615","PSC_Nenv","PSC_ Nenv","Character","20","","","","N"
"613","PSC_NEspe","PSC_ NEspe","Character","20","","","","N"
"610","PSC_NExpor","PSC_ NExpor","Character","40","","","","N"
"612","PSC_NProd","PSC_ NProd","Character","35","","","","N"
"614","PSC_NVar","PSC_ NVar","Character","20","","","","N"
"582","PSC_Prod","Prod","Character","6","","","","N"
"587","PSC_Texto","Texto","Character","80","","","",""
"590","PSC_Val01","PSC_ Val01","Character","20","","","",""
"591","PSC_Val02","PSC_ Val02","Character","20","","","",""
"592","PSC_Val03","PSC_ Val03","Character","20","","","",""
"593","PSC_Val04","PSC_ Val04","Character","20","","","",""
"594","PSC_Val05","PSC_ Val05","Character","20","","","",""
"595","PSC_Val06","PSC_ Val06","Character","20","","","",""
"596","PSC_Val07","PSC_ Val07","Character","20","","","",""
"597","PSC_Val08","PSC_ Val08","Character","20","","","",""
"598","PSC_Val09","PSC_ Val09","Character","20","","","",""
"599","PSC_Val10","PSC_ Val10","Character","20","","","",""
"600","PSC_Val11","PSC_ Val11","Character","20","","","",""
"601","PSC_Val12","PSC_ Val12","Character","20","","","",""
"602","PSC_Val13","PSC_ Val13","Character","20","","","",""
"603","PSC_Val14","PSC_ Val14","Character","20","","","",""
"604","PSC_Val15","PSC_ Val15","Character","20","","","",""
"605","PSC_Val16","PSC_ Val16","Character","20","","","",""
"606","PSC_Val17","PSC_ Val17","Character","20","","","",""
"607","PSC_Val18","PSC_ Val18","Character","20","","","",""
"608","PSC_Val19","PSC_ Val19","Character","20","","","",""
"609","PSC_Val20","PSC_ Val20","Character","20","","","",""
"641","PSC_ValN0","Valor 0 Dec.","Numeric","12","","","",""
"642","PSC_ValN1","Valor 0 Dec.","Numeric","12","","","",""
"640","PSC_ValN2","Valor Num 2 Dec.","Numeric","12","2","","","Y"
"584","PSC_Var","Var","Numeric","5","","","","N"
"1085","PSD_Campo1","Campo1","Numeric","4","","","",""
"1093","PSD_Campo10","Campo10","Numeric","4","","","",""
"1086","PSD_Campo2","Campo2","Numeric","4","","","",""
"1106","PSD_Campo3","Campo3","Numeric","4","","","",""
"1087","PSD_Campo4","Campo4","Numeric","4","","","",""
"1088","PSD_Campo5","Campo5","Numeric","4","","","",""
"1089","PSD_Campo6","Campo6","Numeric","4","","","",""
"1090","PSD_Campo7","Campo7","Numeric","4","","","",""
"1091","PSD_Campo8","Campo8","Numeric","4","","","",""
"1092","PSD_Campo9","Campo9","Numeric","4","","","",""
"1084","PSD_Corr","Corr","Numeric","4","","","",""
"1107","PSD_Corte","Corte x Base","Numeric","4","","","",""
"1083","PSD_Folio","Folio","Character","10","","","","Y"
"1082","PSD_ID","ID","Numeric","10","","","",""
"1081","PSD_Login","Login","Character","20","","","",""
"543","PSI_Fecha","Fecha","Date","8","","99/99/9999","","Y"
"878","PSI_ID","PSI_ ID","Numeric","10","","","",""
"542","PSI_Login","Login","Character","20","","","",""
"545","PSI_Num","Numero","Numeric","10","","","",""
"877","PSI_Text01","Texto 01","Character","20","","","",""
"973","PSI_Text02","Texto 02","Character","80","","","",""
"544","PSI_Texto","Texto","Character","40","","","",""
"546","PSI_Val1","Valor 1","Numeric","13","","","",""
"547","PSI_Val2","Valor 2","Numeric","13","","","",""
"548","PSI_Val3","Valor 3","Numeric","13","","","",""
"549","PSI_Val4","Valor 4","Numeric","13","","","",""
"550","PSI_Val5","Valor 5","Numeric","13","","","",""
"551","PSI_Val6","Valor 6","Numeric","13","","","",""
"974","PSI_Val7","Valor 7 Decimal","Numeric","10","3","","",""
"435","PSR_Cajas","Cajas Rep.","Numeric","4","","","","Y"
"447","PSR_CajasD","Cajas Disponibles","Numeric","4","","","","Y"
"446","PSR_CajasO","Cajas Ocupadas","Numeric","4","","","","Y"
"434","PSR_Cal","Calibre","Character","10","","","","Y"
"433","PSR_Cat","CA","Numeric","3","","","","N"
"432","PSR_Env","EN","Numeric","3","","","","N"
"429","PSR_Espe","ES","Numeric","3","","","","N"
"428","PSR_Login","Login","Character","20","","","","Y"
"445","PSR_NCat","Categoria","Character","20","","","","N"
"444","PSR_NEnv","Envase","Character","20","","","","N"
"441","PSR_NEspe","Especie","Character","20","","","","N"
"443","PSR_NPRod","Productor","Character","35","","","","N"
"449","PSR_NREp","N°Repa","Numeric","10","","","","Y"
"442","PSR_NVar","Variedad","Character","20","","","","N"
"431","PSR_Prod","PR","Character","6","","","","N"
"430","PSR_Var","Var","Numeric","5","","","","N"
"440","PSRM_Cajas","PSRM_ Cajas","Numeric","4","","","","Y"
"439","PSRM_Corr","PSRM_ Corr","Numeric","3","","","",""
"438","PSRM_Folio","PSRM_ Folio","Character","10","","","","Y"
"436","PSRM_Login","PSRM_ Login","Character","20","","","","Y"
"437","PSRM_Repa","PSRM_ Repa","Numeric","10","","","","Y"
"315","PSSolCajas","Cajas","Numeric","7","","","","Y"
"913","PSSolCuar","Cuartel","Numeric","5","","","","Y"
"316","PSSolPallet","N° de Pallet","Numeric","7","","","","Y"
"314","PSSolprod","Productor","Character","6","","","","Y"
"313","PSSoluser","Usuario","Character","10","","","",""
"465","PuCod","Cod.Puerto","Numeric","3","","","",""
"1180","PuCodHomo","Codigo Homologación","Numeric","3","","","",""
"467","PuNac","Nacional","Numeric","","","","","N"
"466","PuNombre","Puerto","Character","25","","","",""
"649","PUS1Cajas","Cajas","Numeric","4","","","","Y"
"671","PUS1CajDes","Cajas DEs","Numeric","4","","","","Y"
"669","PUS1CajRep","Cajas REP","Numeric","4","","","","Y"
"668","PUS1Dispo","Disponible 1 si 0 no","Numeric","","","","","N"
"650","PUS1Espe","ES","Numeric","3","","","","N"
"648","PUS1Folio","Folio","Character","10","","","","Y"
"672","PUS1KilDes","Kilos Des","Numeric","10","2","","","Y"
"656","PUS1Kilos","Kilos","Numeric","10","2","","","Y"
"670","PUS1KilRep","Kilos REP","Numeric","10","2","","","Y"
"651","PUS1NEspe","Especie","Character","20","","","","N"
"657","PUS2Cajas","Cajas","Numeric","4","","","","Y"
"675","PUS2CajDES","Cajas Des","Numeric","4","","","","Y"
"673","PUS2CajREp","Cajas REP","Numeric","4","","","","Y"
"652","PUS2Cor","Corr.","Numeric","4","","","",""
"653","PUS2Fecha","Fecha","Date","8","","99/99/9999","","Y"
"676","PUS2KilDES","Kilos DES","Numeric","10","2","","","Y"
"658","PUS2Kilos","Kilos","Numeric","10","2","","","Y"
"674","PUS2KilRep","Kilos REP","Numeric","10","2","","","Y"
"654","PUSEspe","ES","Numeric","3","","","","N"
"655","PUSEspenom","Especie","Character","20","","","","N"
"647","PUSEstado","Estado","Numeric","","","","","N"
"661","PUSFecC","Fecha Crea","Date","8","","99/99/9999","","Y"
"646","PUSFecha","Fecha","Date","8","","99/99/9999","","Y"
"660","PUSLoginC","Login","Character","10","","@!","","Y"
"645","PUSNum","Numero","Numeric","10","","","","Y"
"659","PUSNumI","Numero SAG","Numeric","10","","","","Y"
"644","PUSTipo","Tipo Proceso","Numeric","","","","","N"
"665","PUSTotCaj","Total Cajas","Numeric","4","","","","Y"
"666","PUSTotKil","Total Kilos","Numeric","10","2","","","Y"
"667","PUSTotPal","Total Pallet","Numeric","3","","","",""
"227","PValor","PValor","Numeric","12","","","","Y"
"222","PVar","PVar","Numeric","5","","","","Y"
"408","Rep0Cajas","","Numeric","4","","","","Y"
"410","REP0CajasDes","Cajas Des","Numeric","4","","","","Y"
"409","REp0CajasR","Cajas Rep.","Numeric","4","","","","Y"
"691","REP0Calt","Altura","Numeric","3","","","","N"
"693","REP0CBase","Base","Numeric","3","","","","N"
"406","REp0Espe","Especie","Numeric","3","","","","N"
"405","REP0Fol","Folio","Character","10","","","","Y"
"692","REP0NAlt","Altura","Character","20","","","","N"
"694","REP0NBase","Base","Character","20","","","","N"
"411","REP0Nespe","Especie","Character","20","","","","N"
"458","REP0Nsol","N°Solicitud","Numeric","10","","","","Y"
"872","REP0TipAct","Tipo Actividad","Numeric","2","","","","N"
"392","REP1CajasDes","Cajas Des","Numeric","4","","","","Y"
"388","REP1CajasINS","Cajas INS","Numeric","4","","","","Y"
"390","REP1CajasRep","Cajas REP","Numeric","4","","","","Y"
"385","REP1Cal","CL","Character","10","","","","Y"
"383","REP1Cat","CA","Numeric","3","","","","N"
"426","Rep1Corr","Corr.","Numeric","3","","","",""
"381","REP1Env","EN","Numeric","3","","","","N"
"418","REP1Espe","ES","Numeric","3","","","","N"
"380","REP1FecPro","Fecha Proceso","Date","8","","99/99/9999","","Y"
"393","Rep1KilosDes","Kilos Des","Numeric","10","2","","","Y"
"389","REP1KilosINS","KilosINS","Numeric","10","2","","","Y"
"391","REP1KilosRep","Kilos Rep","Numeric","10","2","","","Y"
"387","REP1Mov","Movimiento","Numeric","","","","","N"
"384","REP1NCat","Categoria","Character","20","","","","N"
"382","REP1NEnv","Envase","Character","20","","","","N"
"419","Rep1NomEspe","Especie","Character","20","","","","N"
"404","REP1NProd","Productor","Character","35","","","","N"
"414","Rep1Nvar","Variedad","Character","20","","","","N"
"394","REP1Peso","Peso","Numeric","6","2","","","N"
"403","REP1Prod","PR","Character","6","","","","N"
"735","REP1tara","Destare","Numeric","5","2","","","N"
"413","Rep1Var","VA","Numeric","5","","","","N"
"448","REPEstado","Estado","Numeric","4","","","","N"
"378","REPFecCrea","Fecha Crea","Date","8","","99/99/9999","","Y"
"376","REPFecha","Fecha","Date","8","","99/99/9999","","Y"
"377","REPLogCrea","Login Crea","Character","10","","@!","","Y"
"375","REPNum","N° Interno","Numeric","10","","","","Y"
"450","REPNumF","N°Repaletizaje","Numeric","10","","","","Y"
"1119","RPSID","RPSID","Numeric","4","","","",""
"1121","RPSKilos","Kilos Netos","Numeric","10","2","","","Y"
"1123","RPSKilosB","RPSKilos B","Numeric","10","2","","","Y"
"1118","RPSNdoc","RPSNdoc","Numeric","10","","","","Y"
"1120","RPSNenv","Envases","Numeric","7","","","","Y"
"1117","RPSTdoc","RPSTdoc","Numeric","4","","","",""
"45","Seccod","Codigo Seccion","Numeric","2","","","",""
"46","SecNom","Nombre Seccion","Character","20","","","",""
"781","SistCod","Sist Cod","Numeric","4","","","","N"
"787","SistFecCrea","Fecha Creacion","Date","8","","","","N"
"782","SistNombre","Sistema","Character","40","","","","N"
"294","Sol2Cajas","Total Cajas","Numeric","4","","","",""
"401","Sol2CajasDes","Total Cajas Des","Numeric","4","","","","Y"
"399","Sol2CajasREP","Total Cajas REP","Numeric","4","","","","Y"
"685","Sol2CAlt","Altura","Numeric","3","","","","N"
"687","Sol2CBase","Base","Numeric","3","","","","N"
"689","Sol2Ceti","Etiqueta","Numeric","3","","","","N"
"427","Sol2Dispo","Disponible","Numeric","","","","","N"
"288","Sol2Espe","ES","Numeric","3","","","","N"
"287","Sol2Folio","Folio","Character","10","","","","N"
"295","Sol2Kilos","Total Kilos","Numeric","10","2","","","Y"
"402","Sol2KilosDes","Total Kilos Des","Numeric","10","2","","","Y"
"400","Sol2KilosRep","Total Kilos Rep","Numeric","10","2","","","Y"
"686","Sol2NAlt","Altura","Character","20","","","","N"
"688","Sol2NBase","Base","Character","20","","","","N"
"300","sol2nespe","Especie","Character","20","","","","N"
"690","Sol2nEti","Eiqueta","Character","20","","","","N"
"563","Sol2NumAnu","N°Anulacion","Numeric","10","","","","Y"
"302","sol2nvar","sol2nvar","Character","20","","","","N"
"289","Sol2Var","Sol2 Var","Numeric","5","","","","N"
"326","Sol3Cajas","Cajas","Numeric","4","","","",""
"397","Sol3CajasDes","Cajas Des","Numeric","4","","","","Y"
"395","Sol3CajasRep","Cajas REP","Numeric","4","","","","Y"
"333","Sol3Cal","Calibre","Character","10","","","","Y"
"331","Sol3CaT","Categoria","Numeric","3","","","","N"
"343","sol3ComProd","Comuna","Character","20","","","","N"
"423","Sol3Corr","Corr.","Numeric","3","","","",""
"914","Sol3Cuar","Cuartel","Numeric","5","","","","Y"
"337","Sol3Env","Envase","Numeric","3","","","","N"
"374","Sol3espe","ES","Numeric","3","","","","N"
"328","sol3fecha","Fecha","Date","8","","99/99/9999","","Y"
"327","Sol3Kilos","Kilos","Numeric","10","2","","","Y"
"398","Sol3KilosDes","Kilos Des","Numeric","10","2","","","Y"
"396","Sol3KilosRep","Kilos Rep","Numeric","10","2","","","Y"
"332","Sol3NCat","Nombre Categoria","Character","20","","","","N"
"330","Sol3NEnv","Nombre Envase","Character","20","","","","N"
"335","Sol3NProd","Nombre Productor","Character","35","","","","N"
"425","Sol3NVar","Variedad","Character","20","","","","N"
"334","Sol3prod","Productor","Character","6","","","","N"
"513","Sol3ProvProd","Provincia","Character","20","","","","N"
"336","sol3Tipo","Tipo 0 normal, 1 rep","Numeric","2","","","",""
"424","Sol3Var","VA","Numeric","5","","","","N"
"304","solcajasRA","Rango A","Numeric","7","","","","Y"
"305","SolcajasRB","Rango B","Numeric","7","","","","Y"
"306","SolcajasRC","Rango C","Numeric","7","","","","Y"
"296","SolDest","Mercado","Numeric","3","","","","N"
"283","solDestinos","Destinos Aprobados","Character","100","","","",""
"286","solespe","ES","Numeric","3","","","","N"
"299","solespesag","solespesag","Numeric","8","","","","N"
"284","SolEstado","Estado","Numeric","","","","","N"
"340","SolFecAP","Fecha Aprueba","Date","8","","99/99/9999","","Y"
"280","Solfecha","Fecha","Date","8","","99/99/9999","","Y"
"342","SolFecRE","Fecha Rechaza","Date","8","","99/99/9999","","Y"
"339","SollogAP","APrueba","Character","10","","@!","","Y"
"309","sollogin","sollogin","Character","10","","@!","","Y"
"341","SollogRE","Login Rechaza","Character","10","","@!","","Y"
"297","SolNDest","Mercado","Character","20","","","","N"
"298","solnespe","Especie","Character","20","","","","N"
"279","SolNum","Numero Solicitud","Numeric","10","","","","Y"
"911","SolnumI","NºSolicitud Impreso","Numeric","10","","","","Y"
"281","SolSolicita","Solicitante","Character","30","","","",""
"912","SolTipo","Tipo","Character","3","","","","N"
"303","soltotcajas","Total Cajas","Numeric","7","","","","Y"
"307","soltotkilos","Total Kilos","Numeric","10","2","","","Y"
"308","soltotpal","Total Pallet","Numeric","7","","","","Y"
"679","TAlCod","Código Tipo Altura","Numeric","3","","","","N"
"680","TAlDesc","Descripción Tipo Altura","Character","20","","","","Y"
"1079","TBPBase","Base de Pallet","Numeric","2","","","",""
"681","TBPCod","Código Tipo Base Pallet","Numeric","3","","","","N"
"682","TBPDesc","Descripción Tipo Base Pallet","Character","20","","","","Y"
"1072","TBPDiv","Divide Pallet por","Numeric","2","","","",""
"167","TdBloq","Bloqueado","Numeric","","","","",""
"164","TdCod","T. Doc","Numeric","2","","","",""
"166","TdInter","Interno","Numeric","","","","",""
"165","TdNom","Descrip.","Character","20","","","",""
"457","TempActiva","Activa","Numeric","","","","","N"
"451","TempCod","Temporada","Character","9","","","","N"
"452","TempDes","Descripcion","Character","20","","","",""
"453","TempFecAbre","Fecha Apertura","Date","8","","99/99/9999","","Y"
"455","TempFecCierra","Fecha Cierra","Date","8","","99/99/9999","","Y"
"454","TempLogA","Login Abre","Character","10","","@!","","Y"
"456","TempLogC","Login Cierra","Character","10","","@!","","Y"
"683","TEtCod","Codigo Etiqueta","Numeric","3","","","","N"
"684","TEtDesc","Descripción Etiqueta","Character","20","","","","Y"
"121","TMcod","Mov.","Numeric","2","","","",""
"122","TMNom","Movimiento.","Character","20","","","",""
"123","TMSCod","Sub. Mov","Numeric","2","","","",""
"124","TMSNom","Sub Movimiento","Character","20","","","",""
"1069","TRACod","Cod. Tratamiento","Numeric","4","","","",""
"1070","TRANom","Nombre Tratamiento","Character","30","","","",""
"1065","TTMPCod","Cod. Tipo Transporte","Numeric","4","","","",""
"1066","TTMPNom","Tipo de Transporte","Character","30","","","",""
"40","UsuCargo","UsuCargo","Character","30","","","",""
"36","UsuClave","UsuClave","Character","8","","@!","","Y"
"44","UsuCorreo","Correo electronico","Character","30","","","",""
"42","usucrea","usucrea","Character","10","","@!","","Y"
"38","UsuDV","UsuDV","Character","","","@!","",""
"41","UsuExpira","UsuExpira","Date","8","","99/99/9999","","Y"
"6","UsuLogin","UsuLogin","Character","10","","@!","","Y"
"39","Usunom","Usunom","Character","35","","","",""
"43","UsuNseg","UsuNseg","Numeric","3","","","",""
"37","UsuRut","UsuRut","Numeric","9","","ZZZZZZZZ9","","Y"
"76","VarCod","Va","Numeric","5","","","","Y"
"77","VarNom","Variedad de Proceso","Character","20","","","",""
"348","varnomC","Nombre corto","Character","4","","","",""
"698","VarPLU","PLU","Character","15","","","",""
"1114","VarSECod","Cod.Integracion","Character","10","","","","Y"
"984","VMEFec","Fecha Dolar","Date","8","","99/99/9999","","Y"
"985","VMEVal","Valor Dolar","Numeric","8","2","","","Y"
