"sourceType","sourceName","rawTarget","targetType","targetName","resolved","occurrences"
"Transaction","Agentes","PVerirut","Procedure","Verirut","true","1"
"Transaction","AnuINS","PTraeCor","Procedure","TraeCor","true","1"
"Transaction","AnuINS","WDetAnu","WorkPanel","DetAnu","true","1"
"Procedure","AnulaFactura","PDesmarcaPrefactura","Procedure","DesmarcaPrefactura","true","1"
"Procedure","ArchiDES","PTraeParametro","Procedure","TraeParametro","true","1"
"Procedure","ArchiDES","PTraeCodEspe","Procedure","TraeCodEspe","true","1"
"Procedure","ArchiDET","PTraeParametro","Procedure","TraeParametro","true","1"
"Procedure","ArchiDET","gxSelDir","ExternalOrUnknown","gxSelDir","false","1"
"Procedure","ArchiINS","PTraeParametro","Procedure","TraeParametro","true","1"
"Procedure","ArchiINS","PTraeNumSolInt","Procedure","TraeNumSolInt","true","1"
"Procedure","ArchiINS","PTraeCodEspe","Procedure","TraeCodEspe","true","1"
"Procedure","ArchiINT","PTraeParametro","Procedure","TraeParametro","true","1"
"Procedure","ArchiINT","PTraeNumSolInt","Procedure","TraeNumSolInt","true","1"
"Procedure","ArchiINT","gxSelDir","ExternalOrUnknown","gxSelDir","false","1"
"Procedure","ArchiINT","PTraeCodEspe","Procedure","TraeCodEspe","true","1"
"Procedure","ArchiMP","gxSelDir","ExternalOrUnknown","gxSelDir","false","1"
"Procedure","ArchiMP","PGenComu","Procedure","GenComu","true","1"
"Procedure","ArchiRepa","PTraeParametro","Procedure","TraeParametro","true","1"
"Procedure","ArchiRepa","gxSelDir","ExternalOrUnknown","gxSelDir","false","1"
"Procedure","ArchiRepa","PTraeCodEspe","Procedure","TraeCodEspe","true","1"
"Transaction","Calibres","PAgCeros","Procedure","AgCeros","true","1"
"Transaction","Calibres","PTraeCor","Procedure","TraeCor","true","1"
"Procedure","CamEstDespa","PTraeCor","Procedure","TraeCor","true","1"
"Procedure","CamEstDespaUS","PTraeCor","Procedure","TraeCor","true","2"
"Procedure","CargafolDiag","gxSelFile","ExternalOrUnknown","gxSelFile","false","1"
"Procedure","CargafolDiag","PEliFoliosDiag","Procedure","EliFoliosDiag","true","1"
"Transaction","Clientes","PVerirut","Procedure","Verirut","true","1"
"Transaction","Consig","PVerirut","Procedure","Verirut","true","1"
"Procedure","CopiaGuia","PTraeCorrGuia","Procedure","TraeCorrGuia","true","1"
"Procedure","Crea_ClienteEmisor","PEli_PS_InfG001","Procedure","Eli_PS_InfG001","true","1"
"Procedure","Crea_ConsultaDC","PEli_PS_InfG001","Procedure","Eli_PS_InfG001","true","1"
"Procedure","CreaDetMovFrut1","PTraePeso","Procedure","TraePeso","true","1"
"Procedure","CreaDetMovFrut1","PTraeCor","Procedure","TraeCor","true","1"
"Procedure","CreaDiagramas","PDLTPS_diagrama","Procedure","DLTPS_diagrama","true","1"
"Procedure","CreaFactura","PTraeCorrFactura","Procedure","TraeCorrFactura","true","1"
"Procedure","CreaFactura","PTraeParametro","Procedure","TraeParametro","true","1"
"Procedure","CreaGuias_Origen","PEli_PS_InfG001","Procedure","Eli_PS_InfG001","true","1"
"Procedure","CreaGuias_Origen","PBusIDDespa","Procedure","BusIDDespa","true","1"
"Procedure","CreaGuias_Origen","PBuscaEmisor","Procedure","BuscaEmisor","true","1"
"Procedure","CreaGuias_Origen","PSumDetGuia","Procedure","SumDetGuia","true","1"
"Procedure","CreaGuias_Origen","PTraeParametro","Procedure","TraeParametro","true","1"
"Procedure","CreaGuias_Origen","PTraeCorrGuia","Procedure","TraeCorrGuia","true","1"
"Procedure","CreaGuias_OriTB","PEli_PS_InfG001","Procedure","Eli_PS_InfG001","true","1"
"Procedure","CreaGuias_OriTB","PBusIDDespa","Procedure","BusIDDespa","true","1"
"Procedure","CreaGuias_OriTB","PSumDetGuia","Procedure","SumDetGuia","true","1"
"Procedure","CreaGuias_OriTB","PTraeParametro","Procedure","TraeParametro","true","1"
"Procedure","CreaGuias_OriTB","PTraeCorrGuia","Procedure","TraeCorrGuia","true","1"
"Procedure","CreaGuias_OT","PEli_PS_InfG001","Procedure","Eli_PS_InfG001","true","1"
"Procedure","CreaGuias_OT","PSumDetGuia","Procedure","SumDetGuia","true","1"
"Procedure","CreaGuias_OT","PTraeParametro","Procedure","TraeParametro","true","1"
"Procedure","CreaGuias_OT","PTraeCorrGuia","Procedure","TraeCorrGuia","true","1"
"Procedure","CreaGuias_OT","PBuscaEmisor","Procedure","BuscaEmisor","true","1"
"Procedure","CreaGuias_OTTB","PEli_PS_InfG001","Procedure","Eli_PS_InfG001","true","1"
"Procedure","CreaGuias_OTTB","PSumDetGuia","Procedure","SumDetGuia","true","1"
"Procedure","CreaGuias_OTTB","PTraeParametro","Procedure","TraeParametro","true","1"
"Procedure","CreaGuias_OTTB","PTraeCorrGuia","Procedure","TraeCorrGuia","true","1"
"Procedure","CreaLOTE","PTraeCor","Procedure","TraeCor","true","1"
"Procedure","CreaRepa","PTraeCor","Procedure","TraeCor","true","1"
"Procedure","CreaRF0","PTraeCor","Procedure","TraeCor","true","1"
"Transaction","DefEmp","PVerirut","Procedure","Verirut","true","1"
"Transaction","DesCliCab","PTraeCor","Procedure","TraeCor","true","1"
"Transaction","DesCliCab","WDesOT","WorkPanel","DesOT","true","1"
"Transaction","DesCliCab","WDespaComer","WorkPanel","DespaComer","true","1"
"Transaction","DesFumi1","PValPuerto","Procedure","ValPuerto","true","1"
"Transaction","DesFumi1","PTraeCor","Procedure","TraeCor","true","2"
"Transaction","DesFumi1","WDetDespacho","WorkPanel","DetDespacho","true","1"
"Transaction","DesManual","PValPuerto","Procedure","ValPuerto","true","1"
"Transaction","DesManual1","PValPuerto","Procedure","ValPuerto","true","1"
"Transaction","DesManual1","PTraeCor","Procedure","TraeCor","true","2"
"Transaction","DesManual1","TDesManual3","Transaction","DesManual3","true","1"
"Transaction","DesManual3","PPTraeCorDM","Procedure","PTraeCorDM","true","1"
"Transaction","DesOrigen1","PValPuerto","Procedure","ValPuerto","true","1"
"Transaction","DesOrigen1","PTraeCor","Procedure","TraeCor","true","1"
"Transaction","DesOrigen1","WDetDespacho","WorkPanel","DetDespacho","true","1"
"Procedure","DLTdespComer","PBuscaguia","Procedure","Buscaguia","true","1"
"Procedure","EliOrdProc_Det","PSUMLotes","Procedure","SUMLotes","true","1"
"Procedure","Eti_LineaVina","PTraeCor","Procedure","TraeCor","true","2"
"Procedure","Eti_LineaVina14","PTraeCor","Procedure","TraeCor","true","1"
"Transaction","Export","PVerirut","Procedure","Verirut","true","1"
"Transaction","factura","PTraeCorrFactura","Procedure","TraeCorrFactura","true","2"
"Transaction","factura","PTraeParametro","Procedure","TraeParametro","true","1"
"Transaction","factura","PTraeValorMoneda","Procedure","TraeValorMoneda","true","1"
"Transaction","FComercial","PTraeCor","Procedure","TraeCor","true","1"
"Procedure","FinRepa","PTraeCor","Procedure","TraeCor","true","1"
"Transaction","Foldiagrama","PTraeCorrDG","Procedure","TraeCorrDG","true","1"
"Transaction","Foldiagrama","PSumCajDG","Procedure","SumCajDG","true","1"
"Transaction","FoliosProc","PAgrCeros","Procedure","AgrCeros","true","1"
"Transaction","FoliosProc","PTraeDatosLote","Procedure","TraeDatosLote","true","1"
"Transaction","FoliosProc","PVeriFolio","Procedure","VeriFolio","true","1"
"Transaction","FoliosProc","PTraeCorFolio","Procedure","TraeCorFolio","true","1"
"Transaction","FoliosProcII","PAgrCeros","Procedure","AgrCeros","true","1"
"Transaction","FoliosProcII","PTraeDatosLote","Procedure","TraeDatosLote","true","1"
"Transaction","FoliosProcII","PVeriFolioCuar","Procedure","VeriFolioCuar","true","1"
"Transaction","FoliosProcII","PTraeCorFolio","Procedure","TraeCorFolio","true","1"
"Procedure","GenComu","PEli_PS_InfG001","Procedure","Eli_PS_InfG001","true","1"
"Procedure","GenComu","PInsComunas","Procedure","InsComunas","true","1"
"Procedure","GeneraPackinglist","PTraeCor","Procedure","TraeCor","true","2"
"Procedure","GeneraPackinglist","PTraeKilosB","Procedure","TraeKilosB","true","1"
"Procedure","GrabaDespCS","PTraeCor","Procedure","TraeCor","true","1"
"Procedure","GRepAgrega1_1","PTraeNumSol","Procedure","TraeNumSol","true","1"
"Procedure","GuiaD_Trebol01","PTraeCor","Procedure","TraeCor","true","1"
"Procedure","GuiaD_Trebol01","PTraeParametro","Procedure","TraeParametro","true","3"
"Procedure","GuiaD_vina01","PTraeCor","Procedure","TraeCor","true","1"
"Procedure","GuiaD_vina01","PTraeParametro","Procedure","TraeParametro","true","3"
"Procedure","GuiaDCli_FC_LV","PTraeParametro","Procedure","TraeParametro","true","1"
"Procedure","GuiaDCli_FC_LV","PTraeCorrGuia","Procedure","TraeCorrGuia","true","1"
"Procedure","GuiaDCli_FC_LV","PSumDetGuia","Procedure","SumDetGuia","true","1"
"Procedure","GuiaOrigen_LV","PTraeParametro","Procedure","TraeParametro","true","1"
"Procedure","GuiaOrigen_LV","PTraeCorrGuia","Procedure","TraeCorrGuia","true","1"
"Procedure","GuiaOrigen_LV","PBusIDDespa","Procedure","BusIDDespa","true","1"
"Procedure","GuiaOrigen_LV","PSumDetGuia","Procedure","SumDetGuia","true","1"
"Procedure","GuiaOrigen_LVCal","PTraeParametro","Procedure","TraeParametro","true","1"
"Procedure","GuiaOrigen_LVCal","PTraeCorrGuia","Procedure","TraeCorrGuia","true","1"
"Procedure","GuiaOrigen_LVCal","PBusIDDespa","Procedure","BusIDDespa","true","1"
"Procedure","GuiaOrigen_LVCal","PSumDetGuia","Procedure","SumDetGuia","true","1"
"Transaction","GuiasD","PTraeCorrGuia","Procedure","TraeCorrGuia","true","2"
"Transaction","GuiasDFruta","PTraeCorrGuia","Procedure","TraeCorrGuia","true","2"
"Transaction","GuiasDFrutaII","PTraeCorrGuia","Procedure","TraeCorrGuia","true","2"
"Transaction","GuiasE","PTraeCorrGuia","Procedure","TraeCorrGuia","true","2"
"Transaction","GuiasE_bkp","PTraeCorrGuia","Procedure","TraeCorrGuia","true","2"
"Procedure","Imp_FactuANA","PTraeCor","Procedure","TraeCor","true","1"
"Procedure","Imp_FactuANA","PDesmarcaPrefactura","Procedure","DesmarcaPrefactura","true","1"
"Procedure","Imp_FactuANA","PTraeParametro","Procedure","TraeParametro","true","1"
"Procedure","Imp_FactuANA","PTraeValorMoneda","Procedure","TraeValorMoneda","true","1"
"Procedure","Imp_FactuANA","PMontoEscrito","Procedure","MontoEscrito","true","1"
"Procedure","Imp_FactuVINA","PTraeCor","Procedure","TraeCor","true","1"
"Procedure","Imp_FactuVINA","PDesmarcaPrefactura","Procedure","DesmarcaPrefactura","true","1"
"Procedure","Imp_FactuVINA","PTraeParametro","Procedure","TraeParametro","true","1"
"Procedure","Imp_FactuVINA","PTraeValorMoneda","Procedure","TraeValorMoneda","true","1"
"Procedure","Imp_FactuVINA","PMontoEscrito","Procedure","MontoEscrito","true","1"
"Procedure","Impi_Etiquetas","PEti_CV_Normal14","Procedure","Eti_CV_Normal14","true","1"
"Procedure","Impi_Etiquetas","PEti_CV_Mexico","Procedure","Eti_CV_Mexico","true","1"
"Procedure","Impi_Etiquetas","PEti_CV_China","Procedure","Eti_CV_China","true","1"
"Procedure","Impi_Etiquetas","PEti_CV_RioBlanco","Procedure","Eti_CV_RioBlanco","true","1"
"Procedure","Impi_Etiquetas","PEti_CV_VINA2016","Procedure","Eti_CV_VINA2016","true","1"
"Transaction","IngDefEmp","PVerirut","Procedure","Verirut","true","1"
"Procedure","INSCajasProc","PTraePeso","Procedure","TraePeso","true","1"
"Transaction","Interplanta","PTraeCor","Procedure","TraeCor","true","2"
"Transaction","Interplanta","WInterFol","WorkPanel","InterFol","true","1"
"Procedure","LeeCajasD","gxSelFile","ExternalOrUnknown","gxSelFile","false","1"
"Procedure","LeeCajasD","PGrabaDETDCS","Procedure","GrabaDETDCS","true","1"
"Procedure","LeeCajasD","RErrores","Report","Errores","true","1"
"Transaction","Lineas","PCreaCabeza","Procedure","CreaCabeza","true","1"
"Transaction","MovFrut","PTraeCor","Procedure","TraeCor","true","1"
"Transaction","MovFrut","PTraePeso","Procedure","TraePeso","true","1"
"Transaction","MovFrutPesaje","WPesajeAuto","WorkPanel","PesajeAuto","true","1"
"Report","Packing01","PBusIDDespa","Procedure","BusIDDespa","true","1"
"Report","Packing01_OT","PBusIDDesOT","Procedure","BusIDDesOT","true","1"
"Report","Packing01_PDF","PBusIDDespa","Procedure","BusIDDespa","true","1"
"Report","Packing02","PBusIDDespa","Procedure","BusIDDespa","true","1"
"Report","Packing02US","PBusIDDespa","Procedure","BusIDDespa","true","1"
"Report","Packing03US","PBusIDDespa","Procedure","BusIDDespa","true","1"
"Procedure","PackingExcel","PBusIDDespa","Procedure","BusIDDespa","true","1"
"Procedure","PackingExcelUS","PBusIDDespa","Procedure","BusIDDespa","true","1"
"Transaction","PackList","PValRutXML","Procedure","ValRutXML","true","1"
"Procedure","PImp_FacEXPXML","PTraeCor","Procedure","TraeCor","true","1"
"Procedure","PImp_FacEXPXML","PDesmarcaPrefactura","Procedure","DesmarcaPrefactura","true","1"
"Procedure","PImp_FacEXPXML","PTraeParametro","Procedure","TraeParametro","true","1"
"Procedure","PImp_FacXML","PTraeCor","Procedure","TraeCor","true","1"
"Procedure","PImp_FacXML","PDesmarcaPrefactura","Procedure","DesmarcaPrefactura","true","1"
"Procedure","PImp_GuiaXML","PTraeCor","Procedure","TraeCor","true","1"
"Procedure","PImp_GuiaXML","PTraeParametro","Procedure","TraeParametro","true","3"
"Procedure","PImp_NCreditoEXPxml","PTraeCor","Procedure","TraeCor","true","1"
"Procedure","PImp_NCreditoEXPxml","PDesmarcaPrefactura","Procedure","DesmarcaPrefactura","true","1"
"Procedure","PImp_NCreditoEXPxml","PTraeParametro","Procedure","TraeParametro","true","1"
"Procedure","PImp_NCreditoxml","PTraeCor","Procedure","TraeCor","true","1"
"Procedure","PImp_NCreditoxml","PDesmarcaPrefactura","Procedure","DesmarcaPrefactura","true","1"
"Procedure","PImp_NCreditoxml","PTraeParametro","Procedure","TraeParametro","true","1"
"Procedure","PImp_NDebitoEXPxml","PTraeCor","Procedure","TraeCor","true","1"
"Procedure","PImp_NDebitoEXPxml","PDesmarcaPrefactura","Procedure","DesmarcaPrefactura","true","1"
"Procedure","PImp_NDebitoEXPxml","PTraeParametro","Procedure","TraeParametro","true","1"
"Procedure","PImp_NDebitoxml","PTraeCor","Procedure","TraeCor","true","1"
"Procedure","PImp_NDebitoxml","PDesmarcaPrefactura","Procedure","DesmarcaPrefactura","true","1"
"Procedure","PImp_NDebitoxml","PTraeParametro","Procedure","TraeParametro","true","1"
"Report","PlaniDSAG","PTraeParametro","Procedure","TraeParametro","true","1"
"Transaction","ProcUSDA_Cab","WDetProcUS","WorkPanel","DetProcUS","true","1"
"Transaction","Productores","PVerirut","Procedure","Verirut","true","1"
"Procedure","REIGuiaD_vina01","PTraeParametro","Procedure","TraeParametro","true","1"
"Report","Repa","PTraeNumSolInt","Procedure","TraeNumSolInt","true","1"
"Report","RepaV2","PTraeNumSolInt","Procedure","TraeNumSolInt","true","1"
"Procedure","Solicit02","PTraeNumSolInt","Procedure","TraeNumSolInt","true","1"
"Procedure","Solicit02","PTraeSDP","Procedure","TraeSDP","true","1"
"Transaction","Solicitudes","PTraeCor","Procedure","TraeCor","true","2"
"Transaction","Solicitudes","Wsolcitud02","WorkPanel","solcitud02","true","1"
"Procedure","SubeFoliosExcel","gxSelFile","ExternalOrUnknown","gxSelFile","false","1"
"Procedure","SubeFoliosExcel","RErrores","Report","Errores","true","1"
"Procedure","SubeFoliosExcel","PVeriFolio","Procedure","VeriFolio","true","1"
"Procedure","SubeFoliosExcel","PTraeCorFolio","Procedure","TraeCorFolio","true","1"
"Procedure","SubHorario","RErrores","Report","Errores","true","1"
"Procedure","SubPHTP","RErrores","Report","Errores","true","1"
"Procedure","TraeKilosB","PTraePesoB","Procedure","TraePesoB","true","1"
"Procedure","UPDCajasProc","PTraePeso","Procedure","TraePeso","true","1"
"Procedure","ValRutXML","PVerirut","Procedure","Verirut","true","1"
