"type","name","folder","businessArea","businessRole","migrationDecision","targetPath","status","notes"
"Folder","Anulaciones","Procesos_SAG","Procesos_SAG","","","","DISCOVERED",""
"Folder","Cajas_Leidas","Despachos_Varios","Despachos_Varios","","","","DISCOVERED",""
"Folder","CapturaCajas","","","","","","DISCOVERED",""
"Folder","ConfiguracionLineas","","","","","","DISCOVERED",""
"Folder","Consultas","","","","","","DISCOVERED",""
"Folder","Despachos","Procesos_SAG","Procesos_SAG","","","","DISCOVERED",""
"Folder","Despachos_Varios","","","","","","DISCOVERED",""
"Folder","Diagrama","Procesos_SAG","Procesos_SAG","","","","DISCOVERED",""
"Folder","Estilos","","","","","","DISCOVERED",""
"Folder","ETIQUETAS","","","","","","DISCOVERED",""
"Folder","Exportadora","","","","","","DISCOVERED",""
"Folder","Factura","","","","","","DISCOVERED",""
"Folder","Fruta_Comercial","","","","","","DISCOVERED",""
"Folder","Guias_Despacho","","","","","","DISCOVERED",""
"Folder","Historicos","","","","","","DISCOVERED",""
"Folder","Ingreso_de_Folios","","","","","","DISCOVERED",""
"Folder","Ingresos","","","","","","DISCOVERED",""
"Folder","Inspecciones","Procesos_SAG","Procesos_SAG","","","","DISCOVERED",""
"Folder","Interplanta","Procesos_SAG","Procesos_SAG","","","","DISCOVERED",""
"Folder","LecturaCajas","Consultas","Consultas","","","","DISCOVERED",""
"Folder","Maestros","","","","","","DISCOVERED",""
"Folder","Menus","","","","","","DISCOVERED",""
"Folder","Multipuerto","Procesos_SAG","Procesos_SAG","","","","DISCOVERED",""
"Folder","Orden_Proceso","","","","","","DISCOVERED",""
"Folder","Packing_List","","","","","","DISCOVERED",""
"Folder","Paletizado","","","","","","DISCOVERED",""
"Folder","Proce_General","","","","","","DISCOVERED",""
"Folder","Procesos","Consultas","Consultas","","","","DISCOVERED",""
"Folder","Procesos_SAG","","","","","","DISCOVERED",""
"Folder","Recepciones","Consultas","Consultas","","","","DISCOVERED",""
"Folder","Repaletizaje","Procesos_SAG","Procesos_SAG","","","","DISCOVERED",""
"Folder","SAG","Consultas","Consultas","","","","DISCOVERED",""
"Folder","Seguridad","","","","","","DISCOVERED",""
"Folder","Stock","","","","","","DISCOVERED",""
"Folder","Tablas_Paso","","","","","","DISCOVERED",""
"Folder","TM","","","","","","DISCOVERED",""
"Folder","USDA","Procesos_SAG","Procesos_SAG","","","","DISCOVERED",""
"Folder","Varios","","","","","","DISCOVERED",""
"Group","Asig","","","","","","DISCOVERED",""
"Group","Clauventa","","","","","","DISCOVERED",""
"Group","DesMan_PuertoD","","","","","","DISCOVERED",""
"Group","DesMan_PuertoE","","","","","","DISCOVERED",""
"Group","DesOri_PuertoE","","","","","","DISCOVERED",""
"Group","DesOri2_Env","","","","","","DISCOVERED",""
"Group","DesOri2_espe","","","","","","DISCOVERED",""
"Group","DesOri2_Prod","","","","","","DISCOVERED",""
"Group","DesOrig1_Espe","","","","","","DISCOVERED",""
"Group","DesOrigen_Puertos","","","","","","DISCOVERED",""
"Group","DesOT_Cliente","","","","","","DISCOVERED",""
"Group","Dest_MP","","","","","","DISCOVERED",""
"Group","Destinos","","","","","","DISCOVERED",""
"Group","ENV_MP","","","","","","DISCOVERED",""
"Group","Espe_MultiPuerto","","","","","","DISCOVERED",""
"Group","Fol_Especie","","","","","","DISCOVERED",""
"Group","Fol2_Espe","","","","","","DISCOVERED",""
"Group","Fol2_Export","","","","","","DISCOVERED",""
"Group","FormaPago","","","","","","DISCOVERED",""
"Group","FR_Alt","","","","","","DISCOVERED",""
"Group","FR_Base","","","","","","DISCOVERED",""
"Group","FR_Espe","","","","","","DISCOVERED",""
"Group","FR2_Env","","","","","","DISCOVERED",""
"Group","FR2_Espe","","","","","","DISCOVERED",""
"Group","FR2_Prod","","","","","","DISCOVERED",""
"Group","ModalidadVenta","","","","","","DISCOVERED",""
"Group","Modulos","","","","","","DISCOVERED",""
"Group","Mov_Condicion","","","","","","DISCOVERED",""
"Group","Mov_Especie","","","","","","DISCOVERED",""
"Group","Mov_Productor","","","","","","DISCOVERED",""
"Group","Mov_TipoDoc","","","","","","DISCOVERED",""
"Group","Mov_TipoEnvase","","","","","","DISCOVERED",""
"Group","OrdProc_Envase","","","","","","DISCOVERED",""
"Group","PackList_PuertoDestino","","","","","","DISCOVERED",""
"Group","PackList_PuertoSalida","","","","","","DISCOVERED",""
"Group","Paletiza_Espe","","","","","","DISCOVERED",""
"Group","PSC_Destino","","","","","","DISCOVERED",""
"Group","PSC_Envase","","","","","","DISCOVERED",""
"Group","PSC_Especie","","","","","","DISCOVERED",""
"Group","PSC_Expor","","","","","","DISCOVERED",""
"Group","PSC_Prod","","","","","","DISCOVERED",""
"Group","PSRep01_Env","","","","","","DISCOVERED",""
"Group","PSRep01_Espe","","","","","","DISCOVERED",""
"Group","PSRep01_Prod","","","","","","DISCOVERED",""
"Group","PUS_Espe","","","","","","DISCOVERED",""
"Group","PUS1_Espe","","","","","","DISCOVERED",""
"Group","REP_Env","","","","","","DISCOVERED",""
"Group","Rep_Prod","","","","","","DISCOVERED",""
"Group","REP0_Altura","","","","","","DISCOVERED",""
"Group","REP0_Base","","","","","","DISCOVERED",""
"Group","REP0_Espe","","","","","","DISCOVERED",""
"Group","Rep1_especie","","","","","","DISCOVERED",""
"Group","Sol_Envase","","","","","","DISCOVERED",""
"Group","Sol_Prod","","","","","","DISCOVERED",""
"Group","Sol2_Altura","","","","","","DISCOVERED",""
"Group","Sol2_Base","","","","","","DISCOVERED",""
"Group","Sol2_Eti","","","","","","DISCOVERED",""
"Group","Solicit_Especies","","","","","","DISCOVERED",""
"Group","Solicit2_Especies","","","","","","DISCOVERED",""
"Group","Solicit3_Especie","","","","","","DISCOVERED",""
"Group","ViaTransporte","","","","","","DISCOVERED",""
"Menubar","MenuConex","Seguridad","Seguridad","","","","DISCOVERED",""
"Procedure","AbrirFolio","Paletizado","Paletizado","","","","DISCOVERED",""
"Procedure","ActuCorrGuia","Guias_Despacho","Guias_Despacho","","","","DISCOVERED",""
"Procedure","ActuTotFol_DOT","Despachos_Varios","Despachos_Varios","","","","DISCOVERED",""
"Procedure","AgCeros","Proce_General","Proce_General","","","","DISCOVERED",""
"Procedure","AgrCeros","Ingreso_de_Folios","Ingreso_de_Folios","","","","DISCOVERED",""
"Procedure","AnulaDespa","Despachos","Despachos","","","","DISCOVERED",""
"Procedure","AnulaDespaUS","USDA","USDA","","","","DISCOVERED",""
"Procedure","AnulaFactura","Factura","Factura","","","","DISCOVERED",""
"Procedure","AnulaRepa","Repaletizaje","Repaletizaje","","","","DISCOVERED",""
"Procedure","AnulaRepa_FR","Ingreso_de_Folios","Ingreso_de_Folios","","","","DISCOVERED",""
"Procedure","ArchiDES","Despachos","Despachos","","","","DISCOVERED",""
"Procedure","ArchiDET","Anulaciones","Anulaciones","","","","DISCOVERED",""
"Procedure","ArchiINS","Inspecciones","Inspecciones","","","","DISCOVERED",""
"Procedure","ArchiINT","Interplanta","Interplanta","","","","DISCOVERED",""
"Procedure","ArchiMP","Multipuerto","Multipuerto","","","","DISCOVERED",""
"Procedure","ArchiRepa","Repaletizaje","Repaletizaje","","","","DISCOVERED",""
"Procedure","ArmaFolios","Paletizado","Paletizado","","","","DISCOVERED",""
"Procedure","AsigEtiquetas","Orden_Proceso","Orden_Proceso","","","","DISCOVERED",""
"Procedure","Asignar","Seguridad","Seguridad","","","","DISCOVERED",""
"Procedure","AsigProg","Seguridad","Seguridad","","","","DISCOVERED",""
"Procedure","AsigProg2","Seguridad","Seguridad","","","","DISCOVERED",""
"Procedure","Autonumber","ConfiguracionLineas","ConfiguracionLineas","","","","DISCOVERED",""
"Procedure","BajaFolDesp","Despachos","Despachos","","","","DISCOVERED",""
"Procedure","BajaFolDespUS","USDA","USDA","","","","DISCOVERED",""
"Procedure","BajaFolios","Inspecciones","Inspecciones","","","","DISCOVERED",""
"Procedure","BajaFolios_USDA","USDA","USDA","","","","DISCOVERED",""
"Procedure","BajFolDesOT","Despachos_Varios","Despachos_Varios","","","","DISCOVERED",""
"Procedure","BajFoliosAnu","Anulaciones","Anulaciones","","","","DISCOVERED",""
"Procedure","BuscaDatMP","Multipuerto","Multipuerto","","","","DISCOVERED",""
"Procedure","BuscaEmisor","Guias_Despacho","Guias_Despacho","","","","DISCOVERED",""
"Procedure","BuscaEmisor2","Guias_Despacho","Guias_Despacho","","","","DISCOVERED",""
"Procedure","BuscaFolioPAL","Paletizado","Paletizado","","","","DISCOVERED",""
"Procedure","Buscaguia","Orden_Proceso","Orden_Proceso","","","","DISCOVERED",""
"Procedure","BuscaGuiaI","Despachos_Varios","Despachos_Varios","","","","DISCOVERED",""
"Procedure","BusFactura","Factura","Factura","","","","DISCOVERED",""
"Procedure","BusGuia","Guias_Despacho","Guias_Despacho","","","","DISCOVERED",""
"Procedure","BusIDDesOT","Packing_List","Packing_List","","","","DISCOVERED",""
"Procedure","BusIDDespa","Packing_List","Packing_List","","","","DISCOVERED",""
"Procedure","CamClave","Seguridad","Seguridad","","","","DISCOVERED",""
"Procedure","CamEstDespa","Despachos","Despachos","","","","DISCOVERED",""
"Procedure","CamEstDespaUS","USDA","USDA","","","","DISCOVERED",""
"Procedure","CamEstGuia","Guias_Despacho","Guias_Despacho","","","","DISCOVERED",""
"Procedure","CamEstProc","Orden_Proceso","Orden_Proceso","","","","DISCOVERED",""
"Procedure","CargafolDiag","Diagrama","Diagrama","","","","DISCOVERED",""
"Procedure","CopiadeSolicit02","Inspecciones","Inspecciones","","","","DISCOVERED",""
"Procedure","CopiaGuia","Guias_Despacho","Guias_Despacho","","","","DISCOVERED",""
"Procedure","Crea_ClienteEmisor","Consultas","Consultas","","","","DISCOVERED",""
"Procedure","Crea_ConsultaDC","Consultas","Consultas","","","","DISCOVERED",""
"Procedure","Crea_Detalle_LOTE","Orden_Proceso","Orden_Proceso","","","","DISCOVERED",""
"Procedure","CreaCabeza","ConfiguracionLineas","ConfiguracionLineas","","","","DISCOVERED",""
"Procedure","CreaDatMP","Multipuerto","Multipuerto","","","","DISCOVERED",""
"Procedure","CreaDetMovFrut1","Ingresos","Ingresos","","","","DISCOVERED",""
"Procedure","CreaDetPaletizado","Paletizado","Paletizado","","","","DISCOVERED",""
"Procedure","CreaDiagramas","Diagrama","Diagrama","","","","DISCOVERED",""
"Procedure","CreaFactDetalle","Factura","Factura","","","","DISCOVERED",""
"Procedure","CreaFactura","Factura","Factura","","","","DISCOVERED",""
"Procedure","CreaGuias_Origen","Guias_Despacho","Guias_Despacho","","","","DISCOVERED",""
"Procedure","CreaGuias_OriTB","Guias_Despacho","Guias_Despacho","","","","DISCOVERED",""
"Procedure","CreaGuias_OT","Guias_Despacho","Guias_Despacho","","","","DISCOVERED",""
"Procedure","CreaGuias_OTTB","Guias_Despacho","Guias_Despacho","","","","DISCOVERED",""
"Procedure","CreaLOTE","Orden_Proceso","Orden_Proceso","","","","DISCOVERED",""
"Procedure","CreaPaletizado01","Paletizado","Paletizado","","","","DISCOVERED",""
"Procedure","CreaPreFactura","Factura","Factura","","","","DISCOVERED",""
"Procedure","CreaRepa","Repaletizaje","Repaletizaje","","","","DISCOVERED",""
"Procedure","CreaRF0","Ingreso_de_Folios","Ingreso_de_Folios","","","","DISCOVERED",""
"Procedure","CuentaFolAnu","Anulaciones","Anulaciones","","","","DISCOVERED",""
"Procedure","DelLineaSol","Inspecciones","Inspecciones","","","","DISCOVERED",""
"Procedure","DesAsig","Seguridad","Seguridad","","","","DISCOVERED",""
"Procedure","DesmarcaPrefactura","Factura","Factura","","","","DISCOVERED",""
"Procedure","DLTConf","ConfiguracionLineas","ConfiguracionLineas","","","","DISCOVERED",""
"Procedure","DLTdespComer","Despachos_Varios","Despachos_Varios","","","","DISCOVERED",""
"Procedure","DLTPS_diagrama","Diagrama","Diagrama","","","","DISCOVERED",""
"Procedure","Efact01","","","","","","DISCOVERED",""
"Procedure","Eli_PS_InfG001","Consultas","Consultas","","","","DISCOVERED",""
"Procedure","Eli_PSC_Cal","Consultas","Consultas","","","","DISCOVERED",""
"Procedure","Eli_PSRepa","Repaletizaje","Repaletizaje","","","","DISCOVERED",""
"Procedure","EliCajaPal","Paletizado","Paletizado","","","","DISCOVERED",""
"Procedure","EliCajasProc","Orden_Proceso","Orden_Proceso","","","","DISCOVERED",""
"Procedure","EliDespCS","Cajas_Leidas","Cajas_Leidas","","","","DISCOVERED",""
"Procedure","ELIDETDCS","Cajas_Leidas","Cajas_Leidas","","","","DISCOVERED",""
"Procedure","EliEtixCal","Orden_Proceso","Orden_Proceso","","","","DISCOVERED",""
"Procedure","ELiFolDesOT","Despachos_Varios","Despachos_Varios","","","","DISCOVERED",""
"Procedure","EliFolDespa","Despachos","Despachos","","","","DISCOVERED",""
"Procedure","EliFolDesUS","USDA","USDA","","","","DISCOVERED",""
"Procedure","EliFolIns","Inspecciones","Inspecciones","","","","DISCOVERED",""
"Procedure","EliFoliosAnu","Anulaciones","Anulaciones","","","","DISCOVERED",""
"Procedure","EliFoliosDiag","Diagrama","Diagrama","","","","DISCOVERED",""
"Procedure","EliFolPal","Paletizado","Paletizado","","","","DISCOVERED",""
"Procedure","EliFolUS","USDA","USDA","","","","DISCOVERED",""
"Procedure","EliLinIng","Ingresos","Ingresos","","","","DISCOVERED",""
"Procedure","EliOrdProc","Orden_Proceso","Orden_Proceso","","","","DISCOVERED",""
"Procedure","EliOrdProc_Det","Orden_Proceso","Orden_Proceso","","","","DISCOVERED",""
"Procedure","Encripta","Proce_General","Proce_General","","","","DISCOVERED",""
"Procedure","EstadoACt","ConfiguracionLineas","ConfiguracionLineas","","","","DISCOVERED",""
"Procedure","EstadoAnu","Inspecciones","Inspecciones","","","","DISCOVERED",""
"Procedure","EstadoCONF","ConfiguracionLineas","ConfiguracionLineas","","","","DISCOVERED",""
"Procedure","EstadoLineaSol","Inspecciones","Inspecciones","","","","DISCOVERED",""
"Procedure","EstadoSol","Inspecciones","Inspecciones","","","","DISCOVERED",""
"Procedure","EstadoUS","USDA","USDA","","","","DISCOVERED",""
"Procedure","Eti_CajaVina","ETIQUETAS","ETIQUETAS","","","","DISCOVERED",""
"Procedure","Eti_CajaVinaP","ETIQUETAS","ETIQUETAS","","","","DISCOVERED",""
"Procedure","Eti_CV_China","ETIQUETAS","ETIQUETAS","","","","DISCOVERED",""
"Procedure","Eti_CV_Mexico","ETIQUETAS","ETIQUETAS","","","","DISCOVERED",""
"Procedure","Eti_CV_Normal","ETIQUETAS","ETIQUETAS","","","","DISCOVERED",""
"Procedure","Eti_CV_Normal14","ETIQUETAS","ETIQUETAS","","","","DISCOVERED",""
"Procedure","Eti_CV_RioBlanco","ETIQUETAS","ETIQUETAS","","","","DISCOVERED",""
"Procedure","Eti_CV_VINA2016","ETIQUETAS","ETIQUETAS","","","","DISCOVERED",""
"Procedure","Eti_LineaVina","ETIQUETAS","ETIQUETAS","","","","DISCOVERED",""
"Procedure","Eti_LineaVina14","ETIQUETAS","ETIQUETAS","","","","DISCOVERED",""
"Procedure","ExcelInfProc","Orden_Proceso","Orden_Proceso","","","","DISCOVERED",""
"Procedure","ExistenciaCom","Fruta_Comercial","Fruta_Comercial","","","","DISCOVERED",""
"Procedure","FinRepa","Repaletizaje","Repaletizaje","","","","DISCOVERED",""
"Procedure","FinRepa_RF","Repaletizaje","Repaletizaje","","","","DISCOVERED",""
"Procedure","FormatoCargaFol","Ingreso_de_Folios","Ingreso_de_Folios","","","","DISCOVERED",""
"Procedure","GenCalibre_Proc","Procesos","Procesos","","","","DISCOVERED",""
"Procedure","GenComu","Multipuerto","Multipuerto","","","","DISCOVERED",""
"Procedure","GenDes_Agente","SAG","SAG","","","","DISCOVERED",""
"Procedure","GenDes_Consig","SAG","SAG","","","","DISCOVERED",""
"Procedure","GenDes_Expor","SAG","SAG","","","","DISCOVERED",""
"Procedure","GeneraPackinglist","Packing_List","Packing_List","","","","DISCOVERED",""
"Procedure","GenerarFolios","Paletizado","Paletizado","","","","DISCOVERED",""
"Procedure","GenExis_SAG","SAG","SAG","","","","DISCOVERED",""
"Procedure","GenFol1","Varios","Varios","","","","DISCOVERED",""
"Procedure","GenPHTP","TM","TM","","","","DISCOVERED",""
"Procedure","GrabaConf","ConfiguracionLineas","ConfiguracionLineas","","","","DISCOVERED",""
"Procedure","GrabaCuadratura","Orden_Proceso","Orden_Proceso","","","","DISCOVERED",""
"Procedure","GrabaDespCS","Cajas_Leidas","Cajas_Leidas","","","","DISCOVERED",""
"Procedure","GrabaDETDCS","Cajas_Leidas","Cajas_Leidas","","","","DISCOVERED",""
"Procedure","GrabaMon","Maestros","Maestros","","","","DISCOVERED",""
"Procedure","GrabaReEti","Orden_Proceso","Orden_Proceso","","","","DISCOVERED",""
"Procedure","GRepAgrega1_1","Repaletizaje","Repaletizaje","","","","DISCOVERED",""
"Procedure","GRepAgrega1_RF","Ingreso_de_Folios","Ingreso_de_Folios","","","","DISCOVERED",""
"Procedure","GRepBaja2","Repaletizaje","Repaletizaje","","","","DISCOVERED",""
"Procedure","GRepBaja2_2","Repaletizaje","Repaletizaje","","","","DISCOVERED",""
"Procedure","GRepBaja2_FR2","Ingreso_de_Folios","Ingreso_de_Folios","","","","DISCOVERED",""
"Procedure","GRepSube1_1","Repaletizaje","Repaletizaje","","","","DISCOVERED",""
"Procedure","GRepSube1_RF","Repaletizaje","Repaletizaje","","","","DISCOVERED",""
"Procedure","GuiaD_Trebol01","Guias_Despacho","Guias_Despacho","","","","DISCOVERED",""
"Procedure","GuiaD_vina01","Guias_Despacho","Guias_Despacho","","","","DISCOVERED",""
"Procedure","GuiaDCli_FC_LV","Guias_Despacho","Guias_Despacho","","","","DISCOVERED",""
"Procedure","GuiaOrigen_LV","Guias_Despacho","Guias_Despacho","","","","DISCOVERED",""
"Procedure","GuiaOrigen_LVCal","Guias_Despacho","Guias_Despacho","","","","DISCOVERED",""
"Procedure","Imp_FactuANA","Factura","Factura","","","","DISCOVERED",""
"Procedure","Imp_FactuVINA","Factura","Factura","","","","DISCOVERED",""
"Procedure","Impi_Etiquetas","ETIQUETAS","ETIQUETAS","","","","DISCOVERED",""
"Procedure","Iniciar","Menus","Menus","","","","DISCOVERED",""
"Procedure","INSCajasProc","CapturaCajas","CapturaCajas","","","","DISCOVERED",""
"Procedure","InsComunas","Despachos","Despachos","","","","DISCOVERED",""
"Procedure","InsdespComer","Despachos_Varios","Despachos_Varios","","","","DISCOVERED",""
"Procedure","LeeCajasD","Cajas_Leidas","Cajas_Leidas","","","","DISCOVERED",""
"Procedure","LineaEmbalaje","","","","","","DISCOVERED",""
"Procedure","MarcaPreFactura","Factura","Factura","","","","DISCOVERED",""
"Procedure","ModiOrdProc","Orden_Proceso","Orden_Proceso","","","","DISCOVERED",""
"Procedure","MontoEscrito","Proce_General","Proce_General","","","","DISCOVERED",""
"Procedure","PackingExcel","Packing_List","Packing_List","","","","DISCOVERED",""
"Procedure","PackingExcelUS","Packing_List","Packing_List","","","","DISCOVERED",""
"Procedure","ParEmp","Proce_General","Proce_General","","","","DISCOVERED",""
"Procedure","PImp_FacEXPXML","Factura","Factura","","","","DISCOVERED",""
"Procedure","PImp_FacXML","Factura","Factura","","","","DISCOVERED",""
"Procedure","PImp_GuiaXML","Guias_Despacho","Guias_Despacho","","","","DISCOVERED",""
"Procedure","PImp_NCreditoEXPxml","Factura","Factura","","","","DISCOVERED",""
"Procedure","PImp_NCreditoxml","Factura","Factura","","","","DISCOVERED",""
"Procedure","PImp_NDebitoEXPxml","Factura","Factura","","","","DISCOVERED",""
"Procedure","PImp_NDebitoxml","Factura","Factura","","","","DISCOVERED",""
"Procedure","PlaniDSAG_PRC","Despachos","Despachos","","","","DISCOVERED",""
"Procedure","PTraeCorDM","Despachos","Despachos","","","","DISCOVERED",""
"Procedure","RangoCajas","Inspecciones","Inspecciones","","","","DISCOVERED",""
"Procedure","REIGuiaD_vina01","Guias_Despacho","Guias_Despacho","","","","DISCOVERED",""
"Procedure","RepEliFol","Repaletizaje","Repaletizaje","","","","DISCOVERED",""
"Procedure","RepEliFol_FR","Ingreso_de_Folios","Ingreso_de_Folios","","","","DISCOVERED",""
"Procedure","Report","Estilos","Estilos","","","","DISCOVERED",""
"Procedure","Rollback","Proce_General","Proce_General","","","","DISCOVERED",""
"Procedure","RptCajaXLinea","LecturaCajas","LecturaCajas","","","","DISCOVERED",""
"Procedure","Solicit01","Inspecciones","Inspecciones","","","","DISCOVERED",""
"Procedure","Solicit01CU","Inspecciones","Inspecciones","","","","DISCOVERED",""
"Procedure","Solicit02","Inspecciones","Inspecciones","","","","DISCOVERED",""
"Procedure","Solicit03","Inspecciones","Inspecciones","","","","DISCOVERED",""
"Procedure","SolicitCU","Inspecciones","Inspecciones","","","","DISCOVERED",""
"Procedure","sonido","Paletizado","Paletizado","","","","DISCOVERED",""
"Procedure","ST_Prod1","Stock","Stock","","","","DISCOVERED",""
"Procedure","SubeFoliosExcel","Ingreso_de_Folios","Ingreso_de_Folios","","","","DISCOVERED",""
"Procedure","SubHorario","TM","TM","","","","DISCOVERED",""
"Procedure","SubPHTP","TM","TM","","","","DISCOVERED",""
"Procedure","SumaCajaFol","Ingreso_de_Folios","Ingreso_de_Folios","","","","DISCOVERED",""
"Procedure","SumaCajasTDG","Diagrama","Diagrama","","","","DISCOVERED",""
"Procedure","SumaFact","Factura","Factura","","","","DISCOVERED",""
"Procedure","SumCajDG","Diagrama","Diagrama","","","","DISCOVERED",""
"Procedure","SumDetGuia","Guias_Despacho","Guias_Despacho","","","","DISCOVERED",""
"Procedure","SumDetRecep","Ingresos","Ingresos","","","","DISCOVERED",""
"Procedure","SUMLotes","Orden_Proceso","Orden_Proceso","","","","DISCOVERED",""
"Procedure","TraeCodEspe","Proce_General","Proce_General","","","","DISCOVERED",""
"Procedure","TraeConf","ConfiguracionLineas","ConfiguracionLineas","","","","DISCOVERED",""
"Procedure","TraeCor","Proce_General","Proce_General","","","","DISCOVERED",""
"Procedure","TraeCorFolio","Ingreso_de_Folios","Ingreso_de_Folios","","","","DISCOVERED",""
"Procedure","TraeCorrDG","Diagrama","Diagrama","","","","DISCOVERED",""
"Procedure","TraeCorrFactura","Factura","Factura","","","","DISCOVERED",""
"Procedure","TraeCorrGuia","Guias_Despacho","Guias_Despacho","","","","DISCOVERED",""
"Procedure","TraeCorrSol","Inspecciones","Inspecciones","","","","DISCOVERED",""
"Procedure","TraeDatosFolio","Inspecciones","Inspecciones","","","","DISCOVERED",""
"Procedure","TraeDatosLote","Ingreso_de_Folios","Ingreso_de_Folios","","","","DISCOVERED",""
"Procedure","TraeEstLinea","ConfiguracionLineas","ConfiguracionLineas","","","","DISCOVERED",""
"Procedure","TraeKilosB","Packing_List","Packing_List","","","","DISCOVERED",""
"Procedure","TraenomEmisor","Guias_Despacho","Guias_Despacho","","","","DISCOVERED",""
"Procedure","TraeNomProductor","Ingresos","Ingresos","","","","DISCOVERED",""
"Procedure","TraeNSeg","Proce_General","Proce_General","","","","DISCOVERED",""
"Procedure","TraeNumSol","Inspecciones","Inspecciones","","","","DISCOVERED",""
"Procedure","TraeNumSolInt","Inspecciones","Inspecciones","","","","DISCOVERED",""
"Procedure","TraeParametro","Maestros","Maestros","","","","DISCOVERED",""
"Procedure","TraeParametro2","Maestros","Maestros","","","","DISCOVERED",""
"Procedure","TraePeso","Ingresos","Ingresos","","","","DISCOVERED",""
"Procedure","TraePesoB","Ingresos","Ingresos","","","","DISCOVERED",""
"Procedure","TraePrecio","Factura","Factura","","","","DISCOVERED",""
"Procedure","TraeSDP","Maestros","Maestros","","","","DISCOVERED",""
"Procedure","TraeTemp","Proce_General","Proce_General","","","","DISCOVERED",""
"Procedure","TraeValorMoneda","Maestros","Maestros","","","","DISCOVERED",""
"Procedure","UPDCajasProc","CapturaCajas","CapturaCajas","","","","DISCOVERED",""
"Procedure","VA","Seguridad","Seguridad","","","","DISCOVERED",""
"Procedure","VA2","Seguridad","Seguridad","","","","DISCOVERED",""
"Procedure","ValPuerto","Despachos","Despachos","","","","DISCOVERED",""
"Procedure","ValRutXML","","","","","","DISCOVERED",""
"Procedure","VeriFolio","Ingreso_de_Folios","Ingreso_de_Folios","","","","DISCOVERED",""
"Procedure","VeriFolioCuar","Ingreso_de_Folios","Ingreso_de_Folios","","","","DISCOVERED",""
"Procedure","VeriLicencia","Seguridad","Seguridad","","","","DISCOVERED",""
"Procedure","Verirut","Proce_General","Proce_General","","","","DISCOVERED",""
"Procedure","VeriUsu","Proce_General","Proce_General","","","","DISCOVERED",""
"Report","Agentes","Maestros","Maestros","","","","DISCOVERED",""
"Report","AnuFolios","Anulaciones","Anulaciones","","","","DISCOVERED",""
"Report","AnuFolios14","Anulaciones","Anulaciones","","","","DISCOVERED",""
"Report","Clientes","Maestros","Maestros","","","","DISCOVERED",""
"Report","Consig","Maestros","Maestros","","","","DISCOVERED",""
"Report","CopGuia","Guias_Despacho","Guias_Despacho","","","","DISCOVERED",""
"Report","DespaXCliente","Consultas","Consultas","","","","DISCOVERED",""
"Report","DespCLI","Despachos_Varios","Despachos_Varios","","","","DISCOVERED",""
"Report","Destinos","Maestros","Maestros","Listado de destinos de exportacion","REPLACE_WITH_CRUD_EXPORT","/maestros-gx/destinos","IMPLEMENTED","Sustituido por las exportaciones PDF y Excel del CRUD; conserva DestCod, DestNom, DestCMP y DestNMP."
"Report","DesxAgente","SAG","SAG","","","","DISCOVERED",""
"Report","DesxConsig","SAG","SAG","","","","DISCOVERED",""
"Report","DesxExport","SAG","SAG","","","","DISCOVERED",""
"Report","DetalleUSDA","USDA","USDA","","","","DISCOVERED",""
"Report","DetFolProc","Procesos","Procesos","","","","DISCOVERED",""
"Report","Diagramas","Diagrama","Diagrama","","","","DISCOVERED",""
"Report","DPlaniSAG","Despachos","Despachos","","","","DISCOVERED",""
"Report","DPlaniUSDA","USDA","USDA","","","","DISCOVERED",""
"Report","EnvCat","Maestros","Maestros","","","","DISCOVERED",""
"Report","Errores","Proce_General","Proce_General","","","","DISCOVERED",""
"Report","EspeVar","Maestros","Maestros","","","","DISCOVERED",""
"Report","Exis_SAG","SAG","SAG","","","","DISCOVERED",""
"Report","ExisINS_R","SAG","SAG","","","","DISCOVERED",""
"Report","ExisUSDA_R","SAG","SAG","","","","DISCOVERED",""
"Report","ExporProd","Maestros","Maestros","","","","DISCOVERED",""
"Report","Exportadoras","Maestros","Maestros","","","","DISCOVERED",""
"Report","FoliosPal","Paletizado","Paletizado","","","","DISCOVERED",""
"Report","GuiaIng1","Ingresos","Ingresos","","","","DISCOVERED",""
"Report","InfProceso01","Orden_Proceso","Orden_Proceso","","","","DISCOVERED",""
"Report","InterPL","Interplanta","Interplanta","","","","DISCOVERED",""
"Report","ListadoRecep","Ingresos","Ingresos","","","","DISCOVERED",""
"Report","Packing01","Packing_List","Packing_List","","","","DISCOVERED",""
"Report","Packing01_OT","Packing_List","Packing_List","","","","DISCOVERED",""
"Report","Packing01_PDF","Packing_List","Packing_List","","","","DISCOVERED",""
"Report","Packing02","Packing_List","Packing_List","","","","DISCOVERED",""
"Report","Packing02US","Packing_List","Packing_List","","","","DISCOVERED",""
"Report","Packing03US","Packing_List","Packing_List","","","","DISCOVERED",""
"Report","PlaniDiagrama","Diagrama","Diagrama","","","","DISCOVERED",""
"Report","PlaniDSAG","Despachos","Despachos","","","","DISCOVERED",""
"Report","PlaniDSAGOLD","Despachos","Despachos","","","","DISCOVERED",""
"Report","PlaniDUS","USDA","USDA","","","","DISCOVERED",""
"Report","PlaniMSAG","Despachos","Despachos","","","","DISCOVERED",""
"Report","ProcesosUSDA","USDA","USDA","","","","DISCOVERED",""
"Report","Productores","Maestros","Maestros","","","","DISCOVERED",""
"Report","Puertos","Maestros","Maestros","","","","DISCOVERED",""
"Report","RDInfoProd","Procesos","Procesos","","","","DISCOVERED",""
"Report","Repa","Repaletizaje","Repaletizaje","","","","DISCOVERED",""
"Report","Repa_RF","Ingreso_de_Folios","Ingreso_de_Folios","","","","DISCOVERED",""
"Report","RepaV2","Repaletizaje","Repaletizaje","","","","DISCOVERED",""
"Report","RFrutCom","Procesos","Procesos","","","","DISCOVERED",""
"Report","RInfoProd","Procesos","Procesos","","","","DISCOVERED",""
"Report","RRecepFrut","Recepciones","Recepciones","Reporte completo de recepciones de fruta","BACKEND_XLSX_PDF","/backendDocker/recepcion-fruta/exportar","IMPLEMENTED","Consolidado con CRecepFrut; usa fecha de cabecera y empresa de sesion; genera XLSX y PDF reales."
"Report","Solicit1","Inspecciones","Inspecciones","","","","DISCOVERED",""
"Report","TipAlt","Exportadora","Exportadora","","","","DISCOVERED",""
"Report","TipBPa","Exportadora","Exportadora","","","","DISCOVERED",""
"Report","TipEti","Exportadora","Exportadora","","","","DISCOVERED",""
"Table","Agentes","","","","","","DISCOVERED",""
"Table","AnuINS","","","","","","DISCOVERED",""
"Table","Asig","","","","","","DISCOVERED",""
"Table","AsigProg","","","","","","DISCOVERED",""
"Table","AsigProg1","","","","","","DISCOVERED",""
"Table","AsigSist","","","","","","DISCOVERED",""
"Table","Calibres","","","","","","DISCOVERED",""
"Table","CAP001","CapturaCajas","CapturaCajas","Cajas procesadas por orden","REUSE_GX8_TABLE","/backendDocker/control-lineas","IMPLEMENTED","Reutilizada en solo lectura para contar cajas de la orden activa; la captura completa permanece pendiente."
"Table","CausaAnul","","","","","","DISCOVERED",""
"Table","Clientes","","","","","","DISCOVERED",""
"Table","cntfolios","","","","","","DISCOVERED",""
"Table","Comunas","","","","","","DISCOVERED",""
"Table","Condicion","","","","","","DISCOVERED",""
"Table","ConfigEti","","","","","","DISCOVERED",""
"Table","Consig","","","","","","DISCOVERED",""
"Table","DATMP","","","","","","DISCOVERED",""
"Table","DefEmp","","","","","","DISCOVERED",""
"Table","DesCli_FP","","","","","","DISCOVERED",""
"Table","DesCli_FP1","","","","","","DISCOVERED",""
"Table","DesManual","","","","","","DISCOVERED",""
"Table","DesManual1","","","","","","DISCOVERED",""
"Table","DesOrigen","","","","","","DISCOVERED",""
"Table","DesOrigen1","","","","","","DISCOVERED",""
"Table","DesOrigen2","","","","","","DISCOVERED",""
"Table","DespaAuto","","","","","","DISCOVERED",""
"Table","DespCajS","","","","","","DISCOVERED",""
"Table","Destinos","","","","","","DISCOVERED",""
"Table","DestMP","","","","","","DISCOVERED",""
"Table","EnvCat","","","","","","DISCOVERED",""
"Table","EnvCat1","","","","","","DISCOVERED",""
"Table","EnvMP","","","","","","DISCOVERED",""
"Table","Especies","","","","","","DISCOVERED",""
"Table","Especies1","","","","","","DISCOVERED",""
"Table","ETIXCal","","","","","","DISCOVERED",""
"Table","Export1","","","","","","DISCOVERED",""
"Table","ExpProd","","","","","","DISCOVERED",""
"Table","factura","","","","","","DISCOVERED",""
"Table","factura1","","","","","","DISCOVERED",""
"Table","FComercial","","","","","","DISCOVERED",""
"Table","Foldiagrama","","","","","","DISCOVERED",""
"Table","Foldiagrama1","","","","","","DISCOVERED",""
"Table","FoliosProc","","","","","","DISCOVERED",""
"Table","FoliosProc1","","","","","","DISCOVERED",""
"Table","Gen_ETIXCal","","","","","","DISCOVERED",""
"Table","Gen_ETIXCal1","","","","","","DISCOVERED",""
"Table","GenCor","","","","","","DISCOVERED",""
"Table","GuiasD","","","","","","DISCOVERED",""
"Table","GuiasD1","","","","","","DISCOVERED",""
"Table","HHSemanas","","","","","","DISCOVERED",""
"Table","HisIN","","","","","","DISCOVERED",""
"Table","Horarios","","","","","","DISCOVERED",""
"Table","IngActivo","","","","","","DISCOVERED",""
"Table","LinConfig","","ConfiguracionLineas","Configuracion vigente por linea","REUSE_GX8_TABLE","database/20260901_control_lineas_tablero_2016.sql","IMPLEMENTED","Lee y actualiza especie, calibre, envase y categoria en ConfID=1."
"Table","Lineas","","ConfiguracionLineas","Lineas fisicas por empresa","REUSE_GX8_TABLE","database/20260901_control_lineas_tablero_2016.sql","IMPLEMENTED","El tablero lee y cambia LinEstado; alta y eliminacion historicas pendientes."
"Table","ListPrecios","","","","","","DISCOVERED",""
"Table","MaeClauVenta","","","","","","DISCOVERED",""
"Table","MaeForPag","","","","","","DISCOVERED",""
"Table","MaeLineaEmbalaje","","","","","","DISCOVERED",""
"Table","MaeModVenta","","","","","","DISCOVERED",""
"Table","MaeViaTran","","","","","","DISCOVERED",""
"Table","Modulos","","","","","","DISCOVERED",""
"Table","Monedas","","","","","","DISCOVERED",""
"Table","MovFrut","","","","","","DISCOVERED",""
"Table","MovFrut1","","","","","","DISCOVERED",""
"Table","NivSeg","","","","","","DISCOVERED",""
"Table","OrdProc","","","","","","DISCOVERED",""
"Table","OrdProc1","","","","","","DISCOVERED",""
"Table","Origen","","","","","","DISCOVERED",""
"Table","PackList","","","","","","DISCOVERED",""
"Table","Paletiza01","","","","","","DISCOVERED",""
"Table","Paletiza011","","","","","","DISCOVERED",""
"Table","paramge1","","","","","","DISCOVERED",""
"Table","paramgen","","","","","","DISCOVERED",""
"Table","PasoSol","","","","","","DISCOVERED",""
"Table","Pausas","","","","","","DISCOVERED",""
"Table","Procedencia","","","","","","DISCOVERED",""
"Table","ProcUSDA","","","","","","DISCOVERED",""
"Table","ProcUSDA1","","","","","","DISCOVERED",""
"Table","ProcUSDA2","","","","","","DISCOVERED",""
"Table","ProdGen","","","","","","DISCOVERED",""
"Table","Productores","","","","","","DISCOVERED",""
"Table","Productores1","","","","","","DISCOVERED",""
"Table","Program","","","","","","DISCOVERED",""
"Table","Program1","","","","","","DISCOVERED",""
"Table","PS_Diagramas","","","","","","DISCOVERED",""
"Table","PS_InfCal","","","","","","DISCOVERED",""
"Table","PS_InfG001","","","","","","DISCOVERED",""
"Table","PS_SalRep01","","","","","","DISCOVERED",""
"Table","PS_Salrep02","","","","","","DISCOVERED",""
"Table","PS_Stock","","","","","","DISCOVERED",""
"Table","Puertos","","","","","","DISCOVERED",""
"Table","RecPesaje","","","","","","DISCOVERED",""
"Table","Repaletizaje","","","","","","DISCOVERED",""
"Table","Repaletizaje1","","","","","","DISCOVERED",""
"Table","Repaletizaje2","","","","","","DISCOVERED",""
"Table","RepFolProc","","","","","","DISCOVERED",""
"Table","RepFolProc1","","","","","","DISCOVERED",""
"Table","RepFolProc2","","","","","","DISCOVERED",""
"Table","Secciones","","","","","","DISCOVERED",""
"Table","Sistemas","","","","","","DISCOVERED",""
"Table","Solicitudes1","","","","","","DISCOVERED",""
"Table","Solicitudes2","","","","","","DISCOVERED",""
"Table","Solicitudes3","","","","","","DISCOVERED",""
"Table","Temp01","","","","","","DISCOVERED",""
"Table","TipAlt","","","","","","DISCOVERED",""
"Table","TipBPa","","","","","","DISCOVERED",""
"Table","Tipdoc","","","","","","DISCOVERED",""
"Table","TipEti","","","","","","DISCOVERED",""
"Table","TipMov","","","","","","DISCOVERED",""
"Table","TipMov1","","","","","","DISCOVERED",""
"Table","TipoTransMP","","","","","","DISCOVERED",""
"Table","TrataMP","","","","","","DISCOVERED",""
"Table","Usuarios","","","","","","DISCOVERED",""
"Table","ValMExt","","","","","","DISCOVERED",""
"Theme","Thm01","","","","","","DISCOVERED",""
"Transaction","Agentes","Maestros","Maestros","","","","DISCOVERED",""
"Transaction","AnuINS","Anulaciones","Anulaciones","","","","DISCOVERED",""
"Transaction","Asig","Seguridad","Seguridad","","","","DISCOVERED",""
"Transaction","AsigProg","Seguridad","Seguridad","","","","DISCOVERED",""
"Transaction","AsigSist","Seguridad","Seguridad","","","","DISCOVERED",""
"Transaction","Calibres","Maestros","Maestros","","","","DISCOVERED",""
"Transaction","CAP001","CapturaCajas","CapturaCajas","","","","DISCOVERED",""
"Transaction","CausaAnul","Maestros","Maestros","Mantiene causales de anulacion","CRUD_REACT_NODE","/maestros-gx/causales-anulacion","IMPLEMENTED","Programa GX8 100/1/21; reglas y campos conservados."
"Transaction","Clientes","Maestros","Maestros","","","","DISCOVERED",""
"Transaction","cntfolios","Paletizado","Paletizado","","","","DISCOVERED",""
"Transaction","Comunas","Maestros","Maestros","","","","DISCOVERED",""
"Transaction","Condicion","Maestros","Maestros","Clasifica la condicion de la fruta","CRUD_REACT_NODE","/maestros-gx/condiciones","IMPLEMENTED","Programa GX8 100/1/7; catalogo global de un nivel."
"Transaction","ConfigEti","ETIQUETAS","ETIQUETAS","","","","DISCOVERED",""
"Transaction","Consig","Maestros","Maestros","","","","DISCOVERED",""
"Transaction","DATMP","Multipuerto","Multipuerto","","","","DISCOVERED",""
"Transaction","DefEmp","Seguridad","Seguridad","","","","DISCOVERED",""
"Transaction","DesCli_FP","Despachos_Varios","Despachos_Varios","","","","DISCOVERED",""
"Transaction","DesCliCab","Despachos_Varios","Despachos_Varios","","","","DISCOVERED",""
"Transaction","DesFumi1","USDA","USDA","","","","DISCOVERED",""
"Transaction","DesManual","Despachos","Despachos","","","","DISCOVERED",""
"Transaction","DesManual1","Despachos","Despachos","","","","DISCOVERED",""
"Transaction","DesManual3","Despachos","Despachos","","","","DISCOVERED",""
"Transaction","DesOrigen","Despachos","Despachos","","","","DISCOVERED",""
"Transaction","DesOrigen1","Despachos","Despachos","","","","DISCOVERED",""
"Transaction","DespaAuto","Maestros","Maestros","Mantiene despachadores autorizados por empresa","CRUD_REACT_NODE","/maestros-gx/despachadores-autorizados","IMPLEMENTED","Programa GX8 100/1/19; empresa obtenida de la sesion."
"Transaction","DespCajS","Cajas_Leidas","Cajas_Leidas","","","","DISCOVERED",""
"Transaction","Destinos","Maestros","Maestros","Mantiene destinos de exportacion y su equivalencia Multipuerto","CRUD_REACT_NODE","/maestros-gx/destinos","IMPLEMENTED","Programa GX8 100/1/11; DestNMP se recupera mediante migracion SQL aditiva."
"Transaction","DestMP","Maestros","Maestros","","","","DISCOVERED",""
"Transaction","EnvCat","Maestros","Maestros","","","","DISCOVERED",""
"Transaction","EnvMP","Maestros","Maestros","","","","DISCOVERED",""
"Transaction","Especies","Maestros","Maestros","","","","DISCOVERED",""
"Transaction","ETIXCal","Orden_Proceso","Orden_Proceso","","","","DISCOVERED",""
"Transaction","Export","Maestros","Maestros","Mantiene exportadoras","CRUD_REACT_NODE","/maestros-gx/exportadoras","IMPLEMENTED","Programa GX8 100/1/15; cabecera del maestro."
"Transaction","ExpProd","Maestros","Maestros","Asocia productores a una exportadora","DETAIL_REACT_NODE","/maestros-gx/exportadoras","IMPLEMENTED","Programa GX8 100/1/16; detalle dentro de Exportadoras."
"Transaction","factura","Factura","Factura","","","","DISCOVERED",""
"Transaction","FComercial","Fruta_Comercial","Fruta_Comercial","","","","DISCOVERED",""
"Transaction","Foldiagrama","Diagrama","Diagrama","","","","DISCOVERED",""
"Transaction","FoliosProc","Ingreso_de_Folios","Ingreso_de_Folios","","","","DISCOVERED",""
"Transaction","FoliosProcII","Ingreso_de_Folios","Ingreso_de_Folios","","","","DISCOVERED",""
"Transaction","Gen_ETIXCal","Orden_Proceso","Orden_Proceso","","","","DISCOVERED",""
"Transaction","GenCor","Maestros","Maestros","","","","DISCOVERED",""
"Transaction","GuiasD","Guias_Despacho","Guias_Despacho","","","","DISCOVERED",""
"Transaction","GuiasDFruta","Guias_Despacho","Guias_Despacho","","","","DISCOVERED",""
"Transaction","GuiasDFrutaII","Guias_Despacho","Guias_Despacho","","","","DISCOVERED",""
"Transaction","GuiasE","Guias_Despacho","Guias_Despacho","","","","DISCOVERED",""
"Transaction","GuiasE_bkp","Guias_Despacho","Guias_Despacho","","","","DISCOVERED",""
"Transaction","HHSemanas","TM","TM","","","","DISCOVERED",""
"Transaction","HisIN","Historicos","Historicos","","","","DISCOVERED",""
"Transaction","Horarios","TM","TM","","","","DISCOVERED",""
"Transaction","IngActivo","Multipuerto","Multipuerto","","","","DISCOVERED",""
"Transaction","IngDefEmp","Seguridad","Seguridad","","","","DISCOVERED",""
"Transaction","Interplanta","Interplanta","Interplanta","","","","DISCOVERED",""
"Transaction","LinConfig","ConfiguracionLineas","ConfiguracionLineas","","","","DISCOVERED",""
"Transaction","Lineas","ConfiguracionLineas","ConfiguracionLineas","","","","DISCOVERED",""
"Transaction","ListPrecios","Factura","Factura","","","","DISCOVERED",""
"Transaction","MaeClauVenta","Factura","Factura","","","","DISCOVERED",""
"Transaction","MaeForPag","Factura","Factura","","","","DISCOVERED",""
"Transaction","MaeLineaEmbalaje","Maestros","Maestros","","","","DISCOVERED",""
"Transaction","MaeModVenta","Factura","Factura","","","","DISCOVERED",""
"Transaction","MaeViaTran","Factura","Factura","","","","DISCOVERED",""
"Transaction","Modulos","Seguridad","Seguridad","","","","DISCOVERED",""
"Transaction","Monedas","Maestros","Maestros","Mantiene monedas","CRUD_REACT_NODE","/maestros-gx/monedas","IMPLEMENTED","Programa GX8 100/1/31; valores historicos visibles como detalle."
"Transaction","MovFrut","Ingresos","Ingresos","Ingreso manual de recepciones y lotes","REACT_NODE_TRANSACTION","/recepciones/ingreso","IMPLEMENTED","Programa GX8 100/2/1; acciones 1/2/3; fecha de cabecera; lotes consumidos protegidos."
"Transaction","MovFrutPesaje","Ingresos","Ingresos","","","","DISCOVERED",""
"Transaction","NivSeg","Seguridad","Seguridad","","","","DISCOVERED",""
"Transaction","OrdProc","Orden_Proceso","Orden_Proceso","","","","DISCOVERED",""
"Transaction","Origen","Maestros","Maestros","Mantiene origenes de ingreso por empresa","CRUD_REACT_NODE","/maestros-gx/origenes","IMPLEMENTED","Programa GX8 100/1/8; EmpCod proviene de la sesion."
"Transaction","PackList","Packing_List","Packing_List","","","","DISCOVERED",""
"Transaction","Paletiza01","Paletizado","Paletizado","","","","DISCOVERED",""
"Transaction","paramgen","Maestros","Maestros","Mantiene parametros generales y sus valores","CRUD_REACT_NODE","/maestros-gx/parametros-generales","IMPLEMENTED","Programa GX8 100/1/30; PARAMGE1 conservado como nivel 2."
"Transaction","PasoSol","Tablas_Paso","Tablas_Paso","","","","DISCOVERED",""
"Transaction","Pausas","TM","TM","","","","DISCOVERED",""
"Transaction","Procedencia","Maestros","Maestros","Mantiene procedencias por empresa","CRUD_REACT_NODE","/maestros-gx/procedencias","IMPLEMENTED","Programa GX8 100/1/9; empresa obtenida de la sesion."
"Transaction","ProcUSDA","USDA","USDA","","","","DISCOVERED",""
"Transaction","ProcUSDA_Cab","USDA","USDA","","","","DISCOVERED",""
"Transaction","ProdGen","Maestros","Maestros","","","","DISCOVERED",""
"Transaction","Productores","Maestros","Maestros","","","","DISCOVERED",""
"Transaction","Program","Seguridad","Seguridad","","","","DISCOVERED",""
"Transaction","PS_Diagramas","Diagrama","Diagrama","","","","DISCOVERED",""
"Transaction","PS_InfCal","Tablas_Paso","Tablas_Paso","","","","DISCOVERED",""
"Transaction","PS_InfG001","Tablas_Paso","Tablas_Paso","","","","DISCOVERED",""
"Transaction","PS_SalRep01","Repaletizaje","Repaletizaje","","","","DISCOVERED",""
"Transaction","PS_Salrep02","Repaletizaje","Repaletizaje","","","","DISCOVERED",""
"Transaction","PS_Stock","Stock","Stock","","","","DISCOVERED",""
"Transaction","Puertos","Maestros","Maestros","Mantiene puertos y su clasificacion","CRUD_REACT_NODE","/maestros-gx/puertos","IMPLEMENTED","Programa GX8 100/1/20; filtros GX por tipo y nombre."
"Transaction","RecPesaje","Ingresos","Ingresos","","","","DISCOVERED",""
"Transaction","Repaletizaje","Repaletizaje","Repaletizaje","","","","DISCOVERED",""
"Transaction","RepFolProc","Ingreso_de_Folios","Ingreso_de_Folios","","","","DISCOVERED",""
"Transaction","Secciones","Maestros","Maestros","Mantiene secciones operativas por empresa","CRUD_REACT_NODE","/maestros-gx/secciones","IMPLEMENTED","Programa GX8 100/1/10; empresa obtenida de la sesion."
"Transaction","Sistemas","Seguridad","Seguridad","","","","DISCOVERED",""
"Transaction","Solicitudes","Inspecciones","Inspecciones","","","","DISCOVERED",""
"Transaction","TAB_Solicitudes","Inspecciones","Inspecciones","","","","DISCOVERED",""
"Transaction","Temp01","Maestros","Maestros","","","","DISCOVERED",""
"Transaction","TipAlt","Exportadora","Exportadora","Mantiene tipos de altura","CRUD_REACT_NODE","/maestros-gx/tipos-altura","IMPLEMENTED","Programa GX8 100/1/24."
"Transaction","TipBPa","Exportadora","Exportadora","Mantiene tipos de base de pallet","CRUD_REACT_NODE","/maestros-gx/tipos-base-pallet","IMPLEMENTED","Programa GX8 100/1/23."
"Transaction","Tipdoc","Maestros","Maestros","Mantiene tipos de documento","CRUD_REACT_NODE","/maestros-gx/tipos-documento","IMPLEMENTED","Programa GX8 100/1/1; catalogo global."
"Transaction","TipEti","Exportadora","Exportadora","Mantiene tipos de etiqueta","CRUD_REACT_NODE","/maestros-gx/tipos-etiqueta","IMPLEMENTED","Programa GX8 100/1/22."
"Transaction","TipMov","Maestros","Maestros","Mantiene tipos y subtipos de movimiento","CRUD_REACT_NODE","/maestros-gx/tipos-movimiento","IMPLEMENTED","Programa GX8 100/1/2; TIPMOV1 conservado como nivel 2."
"Transaction","TipoTransMP","Multipuerto","Multipuerto","","","","DISCOVERED",""
"Transaction","TrataMP","Multipuerto","Multipuerto","","","","DISCOVERED",""
"Transaction","TRN","Estilos","Estilos","","","","DISCOVERED",""
"Transaction","TRNGuia","Estilos","Estilos","","","","DISCOVERED",""
"Transaction","UbiSellosMP","Multipuerto","Multipuerto","","","","DISCOVERED",""
"Transaction","Usuarios","Seguridad","Seguridad","","","","DISCOVERED",""
"Transaction","ValMExt","Maestros","Maestros","Mantiene valores de moneda por fecha","DETAIL_REACT_NODE","/maestros-gx/monedas","IMPLEMENTED","Programa GX8 100/1/32; detalle historico dentro de Monedas."
"WorkPanel","ADMDespCS","Cajas_Leidas","Cajas_Leidas","","","","DISCOVERED",""
"WorkPanel","ADMOrdProc","Orden_Proceso","Orden_Proceso","","","","DISCOVERED",""
"WorkPanel","Agentes","Maestros","Maestros","","","","DISCOVERED",""
"WorkPanel","AgrFol_Anu","Anulaciones","Anulaciones","","","","DISCOVERED",""
"WorkPanel","AgrFol_DesOT","Despachos_Varios","Despachos_Varios","","","","DISCOVERED",""
"WorkPanel","AgrFol_ProcUS","USDA","USDA","","","","DISCOVERED",""
"WorkPanel","Anulaciones","Anulaciones","Anulaciones","","","","DISCOVERED",""
"WorkPanel","ArmadoPallet","Paletizado","Paletizado","","","","DISCOVERED",""
"WorkPanel","AsigGrupoETI","Orden_Proceso","Orden_Proceso","","","","DISCOVERED",""
"WorkPanel","AsigP2","Seguridad","Seguridad","","","","DISCOVERED",""
"WorkPanel","AsigProg","Seguridad","Seguridad","","","","DISCOVERED",""
"WorkPanel","AyudaC","Seguridad","Seguridad","","","","DISCOVERED",""
"WorkPanel","BajaFolDespa","Despachos","Despachos","","","","DISCOVERED",""
"WorkPanel","BajaFolDesUS","USDA","USDA","","","","DISCOVERED",""
"WorkPanel","BajFolioINS","Inspecciones","Inspecciones","","","","DISCOVERED",""
"WorkPanel","BajFolioINT","Inspecciones","Inspecciones","","","","DISCOVERED",""
"WorkPanel","busfolio","Ingreso_de_Folios","Ingreso_de_Folios","","","","DISCOVERED",""
"WorkPanel","CADM10010","Menus","Menus","","","","DISCOVERED",""
"WorkPanel","CajasxProc","Orden_Proceso","Orden_Proceso","","","","DISCOVERED",""
"WorkPanel","Calibres","Maestros","Maestros","","","","DISCOVERED",""
"WorkPanel","CambiaEstadoSol","Inspecciones","Inspecciones","","","","DISCOVERED",""
"WorkPanel","CambiaEstadoUS","USDA","USDA","","","","DISCOVERED",""
"WorkPanel","CamClav","Seguridad","Seguridad","","","","DISCOVERED",""
"WorkPanel","CamCorGuia","Guias_Despacho","Guias_Despacho","","","","DISCOVERED",""
"WorkPanel","CAPCajas","CapturaCajas","CapturaCajas","","","","DISCOVERED",""
"WorkPanel","CAPCajas02","CapturaCajas","CapturaCajas","","","","DISCOVERED",""
"WorkPanel","CAPCajas03","CapturaCajas","CapturaCajas","","","","DISCOVERED",""
"WorkPanel","CargaFolios","Ingreso_de_Folios","Ingreso_de_Folios","","","","DISCOVERED",""
"WorkPanel","CEstadoProc","Orden_Proceso","Orden_Proceso","","","","DISCOVERED",""
"WorkPanel","CFrutCom","Procesos","Procesos","","","","DISCOVERED",""
"WorkPanel","CInfoProd","Procesos","Procesos","","","","DISCOVERED",""
"WorkPanel","Clientes","Maestros","Maestros","","","","DISCOVERED",""
"WorkPanel","Conex","Menus","Menus","","","","DISCOVERED",""
"WorkPanel","ConfEtiquetas","ETIQUETAS","ETIQUETAS","","","","DISCOVERED",""
"WorkPanel","Consig","Maestros","Maestros","","","","DISCOVERED",""
"WorkPanel","ConsProcesos","Procesos","Procesos","","","","DISCOVERED",""
"WorkPanel","COrdProcesos","LecturaCajas","LecturaCajas","","","","DISCOVERED",""
"WorkPanel","CPRO10015","Menus","Menus","","","","DISCOVERED",""
"WorkPanel","CRecepciones","Recepciones","Recepciones","Consulta resumida de cabeceras de recepcion","CONSOLIDATE_AS_SUMMARY_TAB","/recepciones/fruta","IMPLEMENTED","Implementado como pestana Resumen; conserva totales almacenados de MOVFRUT."
"WorkPanel","CRecepFrut","Recepciones","Recepciones","Consulta agrupada de recepcion de fruta","QUERY_REACT_NODE","/recepciones/fruta","IMPLEMENTED","Programa 100/15/1; detalle agregado en backend usando MOVFRUT.MovFecha como fecha oficial."
"ReactPage","TableroLotesRecepcion","Recepciones","Recepciones","Vista operacional de lotes por fecha de cabecera y productor","QUERY_REACT_NODE","/recepciones/lotes-tablero","IMPLEMENTED","Pantalla nueva sobre MOVFRUT1; fase 1 lectura, fase 2 formulario al seleccionar lote."
"WorkPanel","CuadraProc","Orden_Proceso","Orden_Proceso","","","","DISCOVERED",""
"WorkPanel","DesOT","Despachos_Varios","Despachos_Varios","","","","DISCOVERED",""
"WorkPanel","DespachosSAG","Despachos","Despachos","","","","DISCOVERED",""
"WorkPanel","DespachosUS","USDA","USDA","","","","DISCOVERED",""
"WorkPanel","DespaCLi","Despachos_Varios","Despachos_Varios","","","","DISCOVERED",""
"WorkPanel","DespaComer","Despachos_Varios","Despachos_Varios","","","","DISCOVERED",""
"WorkPanel","DesPliCom","Despachos","Despachos","","","","DISCOVERED",""
"WorkPanel","DespManSAG","Despachos","Despachos","","","","DISCOVERED",""
"WorkPanel","DespxCliente","Consultas","Consultas","","","","DISCOVERED",""
"WorkPanel","DespxEMICLI","Consultas","Consultas","","","","DISCOVERED",""
"WorkPanel","DesxAgente","SAG","SAG","","","","DISCOVERED",""
"WorkPanel","DesxConsig","SAG","SAG","","","","DISCOVERED",""
"WorkPanel","DesxExport","SAG","SAG","","","","DISCOVERED",""
"WorkPanel","DetalleDxC","Consultas","Consultas","","","","DISCOVERED",""
"WorkPanel","DetAnu","Anulaciones","Anulaciones","","","","DISCOVERED",""
"WorkPanel","DetDespacho","Despachos","Despachos","","","","DISCOVERED",""
"WorkPanel","DetFolio","Repaletizaje","Repaletizaje","","","","DISCOVERED",""
"WorkPanel","DetFolio_FR","Ingreso_de_Folios","Ingreso_de_Folios","","","","DISCOVERED",""
"WorkPanel","DetFolProc","Procesos","Procesos","","","","DISCOVERED",""
"WorkPanel","DetPackList","Packing_List","Packing_List","","","","DISCOVERED",""
"WorkPanel","DetProcUS","USDA","USDA","","","","DISCOVERED",""
"WorkPanel","Diagramas","Diagrama","Diagrama","","","","DISCOVERED",""
"WorkPanel","DInfoProd","Procesos","Procesos","","","","DISCOVERED",""
"WorkPanel","DTCalibres","Procesos","Procesos","","","","DISCOVERED",""
"WorkPanel","EliCajasxProc","Orden_Proceso","Orden_Proceso","","","","DISCOVERED",""
"WorkPanel","EnvCat","Maestros","Maestros","","","","DISCOVERED",""
"WorkPanel","Especies","Maestros","Maestros","","","","DISCOVERED",""
"WorkPanel","Eti_LineaVN","ETIQUETAS","ETIQUETAS","","","","DISCOVERED",""
"WorkPanel","Etiquetador","ConfiguracionLineas","ConfiguracionLineas","","","","DISCOVERED",""
"WorkPanel","EtixProc","Orden_Proceso","Orden_Proceso","","","","DISCOVERED",""
"WorkPanel","ExisCS","LecturaCajas","LecturaCajas","","","","DISCOVERED",""
"WorkPanel","ExisINS","SAG","SAG","","","","DISCOVERED",""
"WorkPanel","ExisSAG","SAG","SAG","","","","DISCOVERED",""
"WorkPanel","ExisUSDA","SAG","SAG","","","","DISCOVERED",""
"WorkPanel","ExporProd","Maestros","Maestros","","","","DISCOVERED",""
"WorkPanel","Export","Maestros","Maestros","","","","DISCOVERED",""
"WorkPanel","FacDatExp","Factura","Factura","","","","DISCOVERED",""
"WorkPanel","FacturaGuias","Factura","Factura","","","","DISCOVERED",""
"WorkPanel","Facturas","Factura","Factura","","","","DISCOVERED",""
"WorkPanel","FComercial","Fruta_Comercial","Fruta_Comercial","","","","DISCOVERED",""
"WorkPanel","FoliosProcesados","Ingreso_de_Folios","Ingreso_de_Folios","","","","DISCOVERED",""
"WorkPanel","GenCajas","CapturaCajas","CapturaCajas","","","","DISCOVERED",""
"WorkPanel","GenCajasProc","Varios","Varios","","","","DISCOVERED",""
"WorkPanel","GenFolios","Varios","Varios","","","","DISCOVERED",""
"WorkPanel","GenFolPallet","Paletizado","Paletizado","","","","DISCOVERED",""
"WorkPanel","GenPack","Packing_List","Packing_List","","","","DISCOVERED",""
"WorkPanel","genXML","Menus","Menus","","","","DISCOVERED",""
"WorkPanel","GETI10006","Menus","Menus","","","","DISCOVERED",""
"WorkPanel","GEtiXCal","Orden_Proceso","Orden_Proceso","","","","DISCOVERED",""
"WorkPanel","GuiasD","Guias_Despacho","Guias_Despacho","","","","DISCOVERED",""
"WorkPanel","GuiasxPack","Guias_Despacho","Guias_Despacho","","","","DISCOVERED",""
"WorkPanel","Gx0070","Seguridad","Seguridad","","","","DISCOVERED",""
"WorkPanel","Gx00A0","Seguridad","Seguridad","","","","DISCOVERED",""
"WorkPanel","Gx00B0","Maestros","Maestros","","","","DISCOVERED",""
"WorkPanel","Gx03R0","Maestros","Maestros","","","","DISCOVERED",""
"WorkPanel","Gx04F0","Maestros","Maestros","","","","DISCOVERED",""
"WorkPanel","IFAC10009","Menus","Menus","","","","DISCOVERED",""
"WorkPanel","ILEC10008","Menus","Menus","","","","DISCOVERED",""
"WorkPanel","InfoExp","Consultas","Consultas","","","","DISCOVERED",""
"WorkPanel","inipaletiza","Paletizado","Paletizado","","","","DISCOVERED",""
"WorkPanel","IniSys","Menus","Menus","","","","DISCOVERED",""
"WorkPanel","Inspecciones","Inspecciones","Inspecciones","","","","DISCOVERED",""
"WorkPanel","InterFol","Interplanta","Interplanta","","","","DISCOVERED",""
"WorkPanel","Interplanta","Interplanta","Interplanta","","","","DISCOVERED",""
"WorkPanel","IPRO10002","Menus","Menus","","","","DISCOVERED",""
"WorkPanel","ISAG10020","Menus","Menus","","","","DISCOVERED",""
"WorkPanel","ISE0101","Menus","Menus","","","","DISCOVERED",""
"WorkPanel","LClauVenta","Factura","Factura","","","","DISCOVERED",""
"WorkPanel","Lforpago","Factura","Factura","","","","DISCOVERED",""
"WorkPanel","linconfig","ConfiguracionLineas","ConfiguracionLineas","Monitoreo y configuracion de lineas","REIMPLEMENT_DASHBOARD_EDITOR","/procesos/control-lineas","IMPLEMENTED","Tablero, contador CAP001 de la orden activa y modal de edicion implementados; alta, eliminacion e impresion siguen pendientes."
"WorkPanel","lineas","ConfiguracionLineas","ConfiguracionLineas","","","","DISCOVERED",""
"WorkPanel","LineasINS","ConfiguracionLineas","ConfiguracionLineas","","","","DISCOVERED",""
"WorkPanel","LISTAS","Estilos","Estilos","","","","DISCOVERED",""
"WorkPanel","LModVenta","Factura","Factura","","","","DISCOVERED",""
"WorkPanel","Lprecio","Factura","Factura","","","","DISCOVERED",""
"WorkPanel","LViaTran","Factura","Factura","","","","DISCOVERED",""
"WorkPanel","MAE10001","Menus","Menus","","","","DISCOVERED",""
"WorkPanel","marcasReloj","TM","TM","","","","DISCOVERED",""
"WorkPanel","Modulos","Seguridad","Seguridad","","","","DISCOVERED",""
"WorkPanel","MultiPSAG","Multipuerto","Multipuerto","","","","DISCOVERED",""
"WorkPanel","NivSeg","Seguridad","Seguridad","","","","DISCOVERED",""
"WorkPanel","NumFact","Factura","Factura","","","","DISCOVERED",""
"WorkPanel","NumFactE","Factura","Factura","","","","DISCOVERED",""
"WorkPanel","NumGuia","Guias_Despacho","Guias_Despacho","","","","DISCOVERED",""
"WorkPanel","NumGuiaElec","Guias_Despacho","Guias_Despacho","","","","DISCOVERED",""
"WorkPanel","OPCal","Procesos","Procesos","","","","DISCOVERED",""
"WorkPanel","OPProg","Seguridad","Seguridad","","","","DISCOVERED",""
"WorkPanel","OrdenProcesos","Orden_Proceso","Orden_Proceso","","","","DISCOVERED",""
"WorkPanel","OrdenProcINS","Orden_Proceso","Orden_Proceso","","","","DISCOVERED",""
"WorkPanel","OrdenProcUPD","Orden_Proceso","Orden_Proceso","","","","DISCOVERED",""
"WorkPanel","PackingList","Packing_List","Packing_List","","","","DISCOVERED",""
"WorkPanel","Paletizado","Paletizado","Paletizado","","","","DISCOVERED",""
"WorkPanel","PANELControl","ConfiguracionLineas","ConfiguracionLineas","","","","DISCOVERED",""
"WorkPanel","paramgen","Maestros","Maestros","","","","DISCOVERED",""
"WorkPanel","PesajeAuto","Ingresos","Ingresos","","","","DISCOVERED",""
"WorkPanel","PrClientes","Maestros","Maestros","","","","DISCOVERED",""
"WorkPanel","PreFactura","Factura","Factura","","","","DISCOVERED",""
"WorkPanel","PRenvases","Ingreso_de_Folios","Ingreso_de_Folios","","","","DISCOVERED",""
"WorkPanel","PrEspe","Inspecciones","Inspecciones","","","","DISCOVERED",""
"WorkPanel","princ","Menus","Menus","","","","DISCOVERED",""
"WorkPanel","ProcesosUSDA","USDA","USDA","","","","DISCOVERED",""
"WorkPanel","Productores","Maestros","Maestros","","","","DISCOVERED",""
"WorkPanel","Program","Seguridad","Seguridad","","","","DISCOVERED",""
"WorkPanel","Puertos","Maestros","Maestros","","","","DISCOVERED",""
"WorkPanel","Recepciones","Ingresos","Ingresos","Bandeja y mantenimiento manual de recepciones","REACT_NODE_TRANSACTION","/recepciones/ingreso","IMPLEMENTED","Pesaje automatico y COM1 excluidos por decision funcional."
"WorkPanel","ReEtiquetado","Orden_Proceso","Orden_Proceso","","","","DISCOVERED",""
"WorkPanel","Rep01","Repaletizaje","Repaletizaje","","","","DISCOVERED",""
"WorkPanel","RepaFR","Ingreso_de_Folios","Ingreso_de_Folios","","","","DISCOVERED",""
"WorkPanel","RepAgregar","Repaletizaje","Repaletizaje","","","","DISCOVERED",""
"WorkPanel","RepAgregar_RF","Ingreso_de_Folios","Ingreso_de_Folios","","","","DISCOVERED",""
"WorkPanel","Repaletizajes","Repaletizaje","Repaletizaje","","","","DISCOVERED",""
"WorkPanel","RepBajar","Repaletizaje","Repaletizaje","","","","DISCOVERED",""
"WorkPanel","RepBajar_FR","Ingreso_de_Folios","Ingreso_de_Folios","","","","DISCOVERED",""
"WorkPanel","RepFR01","Ingreso_de_Folios","Ingreso_de_Folios","","","","DISCOVERED",""
"WorkPanel","RepSubir","Repaletizaje","Repaletizaje","","","","DISCOVERED",""
"WorkPanel","RepSubir_FR","Ingreso_de_Folios","Ingreso_de_Folios","","","","DISCOVERED",""
"WorkPanel","ResumenPR","Consultas","Consultas","","","","DISCOVERED",""
"WorkPanel","SalidaCAJ","Cajas_Leidas","Cajas_Leidas","","","","DISCOVERED",""
"WorkPanel","SalidaCAJUPD","Cajas_Leidas","Cajas_Leidas","","","","DISCOVERED",""
"WorkPanel","solcitud02","Inspecciones","Inspecciones","","","","DISCOVERED",""
"WorkPanel","SubeTM","TM","TM","","","","DISCOVERED",""
"WorkPanel","SubMen","Estilos","Estilos","","","","DISCOVERED",""
"WorkPanel","Tempo","Maestros","Maestros","","","","DISCOVERED",""
"WorkPanel","TipAlt","Exportadora","Exportadora","","","","DISCOVERED",""
"WorkPanel","TipBPal","Exportadora","Exportadora","","","","DISCOVERED",""
"WorkPanel","TipEti","Exportadora","Exportadora","","","","DISCOVERED",""
"WorkPanel","Usuarios","Seguridad","Seguridad","","","","DISCOVERED",""
"WorkPanel","ValMon","Maestros","Maestros","","","","DISCOVERED",""
"WorkPanel","VerFoliosAuto","Paletizado","Paletizado","","","","DISCOVERED",""
"WorkPanel","wgenarchmp","Multipuerto","Multipuerto","","","","DISCOVERED",""
"WorkPanel","WPCons","Estilos","Estilos","","","","DISCOVERED",""
"WorkPanel","WPConsPG","Estilos","Estilos","","","","DISCOVERED",""
"WorkPanel","WPProc","Estilos","Estilos","","","","DISCOVERED",""
"WorkPanel","WPTRN","Estilos","Estilos","","","","DISCOVERED",""
