"name","description","id","keys","indexes"
"Agentes","Agentes","76","EmpCod | AgeCod","IAgentes:Unique:EmpCod+AgeCod | IAgentes1:Duplicate:EmpCod"
"AnuINS","Anulaciones","144","EmpCod | TempCod | ANUFolio","IAnuINS:Unique:EmpCod+TempCod+ANUFolio | IAnuINS1:Duplicate:CAnCod | IAnuINS2:Duplicate:EmpCod+TempCod | IAnuINS3:Duplicate:EmpCod+DACod"
"Asig","Asig","176","GECODEMP | AsigUsu | SistCod | AsigMod","IAsig:Unique:GECODEMP+AsigUsu+SistCod+AsigMod | IAsig1:Duplicate:SistCod+AsigMod"
"AsigProg","AsigProg","168","GECODEMP | UsuLogin | SistCod | Modcod | ProgCod","IAsigProg:Unique:GECODEMP+UsuLogin+SistCod+Modcod+ProgCod | IAsigProg1:Duplicate:SistCod+Modcod+ProgCod | IAsigProg2:Duplicate:UsuLogin"
"AsigProg1","AsigProg1","169","GECODEMP | UsuLogin | SistCod | Modcod | ProgCod | ProgOPCod","IAsigProg11:Unique:GECODEMP+UsuLogin+SistCod+Modcod+ProgCod+ProgOPCod | IAsigProg12:Duplicate:SistCod+Modcod+ProgCod+ProgOPCod | IAsigProg13:Duplicate:GECODEMP+UsuLogin+SistCod+Modcod+ProgCod"
"AsigSist","AsigSist","170","GECODEMP | AsgSisLogin | SistCod","IAsigSist:Unique:GECODEMP+AsgSisLogin+SistCod | IAsigSist1:Duplicate:SistCod"
"Calibres","Calibres","77","EmpCod | Especod | Calibre","ICalibres:Unique:EmpCod+Especod+Calibre | ICalibres3:Duplicate:EmpCod+Especod"
"CAP001","CAP001","182","EmpCod | TempCod | CAPCOD","ICAP001:Unique:EmpCod+TempCod+CAPCOD | ICAP0012:Duplicate:EmpCod+Especod+VarCod | ICAP0013:Duplicate:EmpCod+TempCod | ICAP0014:Duplicate:EmpCod+EnvCod+Catcod | ICAP0015:Duplicate:EmpCod+Especod+Calibre | ICAP0016:Duplicate:EmpCod+ExpCod+ProdCod | ICAP0011:Duplicate:EmpCod+CliCod | ind_Capordproc:Duplicate:EmpCod+TempCod+CAPNproc | Ind_NdespaCS:Duplicate:EmpCod+TempCod+CAPNDesp | ind_ExisCS:Duplicate:EmpCod+TempCod+CAPNDesp+ExpCod+ProdCod+Especod+VarCod+EnvCod+Catcod+Calibre"
"CausaAnul","Causales de Anulacion","142","CAnCod","ICausaAnul:Unique:CAnCod"
"Clientes","Clientes","78","EmpCod | CliCod","IClientes:Unique:EmpCod+CliCod | IClientes1:Duplicate:EmpCod"
"cntfolios","cntfolios","194","EmpCod | TempCod | cntFolio","Icntfolios:Unique:EmpCod+TempCod+cntFolio | Icntfolios1:Duplicate:EmpCod+TempCod | Icntfolios2:Duplicate:EmpCod+ExpCod"
"Comunas","Comunas","158","ComCod","IComunas:Unique:ComCod"
"Condicion","Condicion","30","ConCod","ICondicion:Unique:ConCod"
"ConfigEti","Conf. Etiquetas","183","EmpCod | ConfCod | ConfLinea","IConfigEti:Unique:EmpCod+ConfCod+ConfLinea | IConfigEti1:Duplicate:EmpCod"
"Consig","Consignatarios","79","EmpCod | ConsCod","IConsig:Unique:EmpCod+ConsCod | IConsig1:Duplicate:EmpCod"
"DATMP","DATMP","210","EmpCod | TempCod | DMPPlani","IDATMP:Unique:EmpCod+TempCod+DMPPlani | IDATMP1:Duplicate:EmpCod+TempCod | IDATMP2:Duplicate:TTMPCod | IDATMP3:Duplicate:INACCod | IDATMP4:Duplicate:TRACod"
"DefEmp","Empresas","3","EmpCod","IDefEmp:Unique:EmpCod"
"DesCli_FP","Despachos a Clientes","145","EmpCod | TempCod | DesOTNumI","IDesCli_FP:Unique:EmpCod+TempCod+DesOTNumI | IDesCli_FP1:Duplicate:EmpCod+CliCod | IDesCli_FP2:Duplicate:EmpCod+TempCod"
"DesCli_FP1","Detalle Despachos de Clientes","146","EmpCod | TempCod | DesOTNumI | DesOT1Cor","IDesCli_FP11:Unique:EmpCod+TempCod+DesOTNumI+DesOT1Cor | IDesCli_FP12:Duplicate:EmpCod+TempCod+DesOTNumI | IDesCli_FP13:Duplicate:EmpCod+DesOT1Espe"
"DesManual","DesManual","208","EmpCod | TempCod | DMATipPlani | DMANum","IDesManual:Unique:EmpCod+TempCod+DMATipPlani+DMANum | IDesManual1:Duplicate:DMAPuertoE | IDesManual2:Duplicate:DMAPuertoD | IDesManual3:Duplicate:EmpCod+DACod | IDesManual4:Duplicate:EmpCod+ExpCod | IDesManual5:Duplicate:EmpCod+AgeCod | IDesManual6:Duplicate:EmpCod+ConsCod | IDesManual7:Duplicate:DestCod | IDesManual8:Duplicate:EmpCod+TempCod"
"DesManual1","DesManual1","209","EmpCod | TempCod | DMATipPlani | DMANum | DMA2Corr","IDesManual11:Unique:EmpCod+TempCod+DMATipPlani+DMANum+DMA2Corr | IDesManual12:Duplicate:EmpCod+Especod+Calibre | IDesManual13:Duplicate:EmpCod+EnvCod+Catcod | IDesManual14:Duplicate:EmpCod+Especod+VarCod | IDesManual15:Duplicate:EmpCod+TempCod+DMATipPlani+DMANum"
"DesOrigen","Despachos SAG","134","EmpCod | TempCod | DorTipPlani | DORNum","IDesOrigen:Unique:EmpCod+TempCod+DorTipPlani+DORNum | IDesOrigen1:Duplicate:EmpCod+TempCod | IDesOrigen2:Duplicate:EmpCod+ExpCod | IDesOrigen3:Duplicate:EmpCod+AgeCod | IDesOrigen4:Duplicate:EmpCod+ConsCod | IDesOrigen5:Duplicate:EmpCod+DACod | IDesOrigen6:Duplicate:DorPuertoE | IDesOrigen7:Duplicate:DorPuertoD | IDesOrigen8:Duplicate:DestCod | ind_DorNumPlani:Duplicate:EmpCod+TempCod+DorTipPlani+DORNumf | IND_DesFec:Duplicate:EmpCod+TempCod+DorFecha"
"DesOrigen1","Detalle de Folios Planilla","137","EmpCod | TempCod | DorTipPlani | DORNum | dor1Folio","IDesOrigen11:Unique:EmpCod+TempCod+DorTipPlani+DORNum+dor1Folio | IDesOrigen12:Duplicate:EmpCod+TempCod+DorTipPlani+DORNum | IDesOrigen13:Duplicate:EmpCod+dor1espe"
"DesOrigen2","Detalle de Folios Despachados","138","EmpCod | TempCod | DorTipPlani | DORNum | dor1Folio | Dor2Corr","IDesOrigen21:Unique:EmpCod+TempCod+DorTipPlani+DORNum+dor1Folio+Dor2Corr | IDesOrigen22:Duplicate:EmpCod+TempCod+DorTipPlani+DORNum+dor1Folio | IDesOrigen23:Duplicate:EmpCod+Dor2env+Dor2cat | IDesOrigen24:Duplicate:EmpCod+Dor2Prod | IDesOrigen25:Duplicate:EmpCod+Dor2espe+Dor2var | IND_PLANISAG:Duplicate:EmpCod+TempCod+DorTipPlani+DORNum+Dor2espe+Dor2var+Dor2env | ind_DPlaniProd:Duplicate:EmpCod+TempCod+DorTipPlani+DORNum+Dor2espe+Dor2var+Dor2Prod | ind_DesPack:Duplicate:EmpCod+TempCod+DorTipPlani+DORNum+Dor2espe+dor1Folio | Ind_DesCalibre:Duplicate:EmpCod+TempCod+DORNum+Dor2espe+Dor2var+Dor2env+Dor2cat+Dor2cal"
"DespaAuto","Despachadores","136","EmpCod | DACod","IDespaAuto:Unique:EmpCod+DACod | IDespaAuto1:Duplicate:EmpCod"
"DespCajS","DespCajS","185","EmpCod | CliCod | TdCod | DCSDesp","IDespCajS:Unique:EmpCod+CliCod+TdCod+DCSDesp | IDespCajS1:Duplicate:TdCod | IDespCajS2:Duplicate:EmpCod+CliCod | ind_despa:Duplicate:DCSNumint"
"Destinos","Destinos","19","DestCod","IDestinos:Unique:DestCod | IDestinos1:Duplicate:DestCMP"
"DestMP","DestMP","161","DesMPCod","IDestMP:Unique:DesMPCod"
"EnvCat","Envases","80","EmpCod | EnvCod","IEnvCat:Unique:EmpCod+EnvCod | IEnvCat1:Duplicate:EmpCod | IEnvCat2:Duplicate:EnvCMP"
"EnvCat1","Categorias","81","EmpCod | EnvCod | Catcod","IEnvCat11:Unique:EmpCod+EnvCod+Catcod | IEnvCat12:Duplicate:EmpCod+EnvCod"
"EnvMP","EnvMP","160","ENMTCod","IEnvMP:Unique:ENMTCod"
"Especies","Especies","82","EmpCod | Especod","IEspecies:Unique:EmpCod+Especod | IEspecies1:Duplicate:EmpCod | IEspecies2:Duplicate:EspeCMP"
"Especies1","Variedad","83","EmpCod | Especod | VarCod","IEspecies11:Unique:EmpCod+Especod+VarCod | IEspecies12:Duplicate:EmpCod+Especod"
"ETIXCal","Etiquetas de por Calibre-Proceso","202","EmpCod | TempCod | Ordpnum | Calibre","IETIXCal:Unique:EmpCod+TempCod+Ordpnum+Calibre | IETIXCal1:Duplicate:EmpCod+TempCod+Ordpnum"
"Export1","Exportadoras","84","EmpCod | ExpCod","IExport1:Unique:EmpCod+ExpCod | IExport12:Duplicate:EmpCod"
"ExpProd","Exportadora V/S Productores","85","EmpCod | ExpCod | ProdCod","IExpProd:Unique:EmpCod+ExpCod+ProdCod | IExpProd2:Duplicate:EmpCod+ExpCod | IExpProd3:Duplicate:EmpCod+ProdCod"
"factura","factura","203","EmpCod | TempCod | FacNum","Ifactura:Unique:EmpCod+TempCod+FacNum | Ifactura1:Duplicate:EmpCod+CliCod | Ifactura2:Duplicate:EmpCod+TempCod | Ifactura3:Duplicate:FacViaTraCod | Ifactura4:Duplicate:FacClauVenCod | Ifactura5:Duplicate:FacModvenCod | Ifactura6:Duplicate:FacForPcod | idx_1:Duplicate:EmpCod+TempCod+FacNum+FacTipDoc"
"factura1","factura1","204","EmpCod | TempCod | FacNum | Fac1Corr","Ifactura11:Unique:EmpCod+TempCod+FacNum+Fac1Corr | Ifactura12:Duplicate:EmpCod+TempCod+FacNum"
"FComercial","FComercial","196","EmpCod | TempCod | FCOProceso | FCONumI","IFComercial:Unique:EmpCod+TempCod+FCOProceso+FCONumI | IFComercial2:Duplicate:EmpCod+TMcod+TMSCod | IFComercial3:Duplicate:EmpCod+TempCod | ind_FCOfecha:Duplicate:EmpCod+TempCod+FCOFecha+FCOProceso+Especod | IFComercial4:Duplicate:EmpCod+Especod"
"Foldiagrama","Foldiagrama","214","EmpCod | TempCod | FolDNdoc","IFoldiagrama:Unique:EmpCod+TempCod+FolDNdoc | IFoldiagrama1:Duplicate:EmpCod+TempCod | IFoldiagrama2:Duplicate:EmpCod+Especod"
"Foldiagrama1","Foldiagrama1","215","EmpCod | TempCod | FolDNdoc | FolD1Corr","IFoldiagrama11:Unique:EmpCod+TempCod+FolDNdoc+FolD1Corr | IFoldiagrama13:Duplicate:EmpCod+TempCod+FolDNdoc | IFoldiagrama12:Duplicate:EmpCod+TBPCod"
"FoliosProc","Folios Procesados","132","EmpCod | TempCod | FPFolio","IFoliosProc:Unique:EmpCod+TempCod+FPFolio | IFoliosProc1:Duplicate:EmpCod+FPEspe | IFoliosProc2:Duplicate:EmpCod+ExpCod | IFoliosProc3:Duplicate:EmpCod+TempCod | IFoliosProc4:Duplicate:EmpCod+TBPCod | IFoliosProc5:Duplicate:EmpCod+TAlCod | IFoliosProc6:Duplicate:EmpCod+TEtCod"
"FoliosProc1","Detalle de Folios Procesados","133","EmpCod | TempCod | FPFolio | FP2NProc | FP2Cor","IFoliosProc11:Unique:EmpCod+TempCod+FPFolio+FP2NProc+FP2Cor | IFoliosProc12:Duplicate:EmpCod+fp2especod+fp2varcod | IFoliosProc13:Duplicate:EmpCod+fp2especod+Calibre | IFoliosProc14:Duplicate:EmpCod+EnvCod+Catcod | IFoliosProc16:Duplicate:EmpCod+TempCod+FPFolio | ind_verifolio:Duplicate:EmpCod+TempCod+FPFolio+FP2Fecha+fp2especod+fp2varcod+ProdCod+EnvCod+Catcod+Calibre | ind_CorFol:Duplicate:EmpCod+TempCod+FPFolio+FP2NProc+FP2Cor | ind_FolFecha:Duplicate:EmpCod+TempCod+FP2Fecha+fp2especod+fp2varcod+FPFolio | Ind_FolProc:Duplicate:EmpCod+TempCod+fp2especod+fp2varcod+FPFolio+FP2Fecha | Ind_EspeFol:Duplicate:EmpCod+TempCod+fp2especod+FPFolio+FP2Fecha | IND_InfCal:Duplicate:EmpCod+TempCod+fp2expcod+ProdCod+fp2especod+fp2varcod+EnvCod+Catcod+Calibre | IFoliosProc17:Duplicate:EmpCod+fp2expcod+ProdCod | IFoliosProc15:Duplicate:EmpCod+ProdCod+CuarCod"
"Gen_ETIXCal","Grupos de Etiquetas","200","EmpCod | GETxCCodigo | Especod","IGen_ETIXCal:Unique:EmpCod+GETxCCodigo+Especod | IGen_ETIXCal1:Duplicate:EmpCod+Especod"
"Gen_ETIXCal1","Grupos Etiquetas por Calibre","201","EmpCod | GETxCCodigo | Especod | Calibre","IGen_ETIXCal11:Unique:EmpCod+GETxCCodigo+Especod+Calibre | IGen_ETIXCal12:Duplicate:EmpCod+Especod+Calibre | IGen_ETIXCal13:Duplicate:EmpCod+GETxCCodigo+Especod"
"GenCor","GenCor","86","EmpCod | GenCod","IGenCor:Unique:EmpCod+GenCod | IGenCor1:Duplicate:EmpCod"
"GuiasD","Guias de Despacho","187","EmpCod | TempCod | GuiNumInt","IGuiasD:Unique:EmpCod+TempCod+GuiNumInt | IGuiasD1:Duplicate:EmpCod+CliCod | IGuiasD2:Duplicate:EmpCod+TempCod | ind_guias02:Duplicate:EmpCod+TempCod+GuiFecha+GuiNumLeg | ind_guianleg:Duplicate:EmpCod+GuiNumLeg+GuiEmisor | IGuiasD3:Duplicate:PackPuDe | IGuiasD4:Duplicate:PackPuOr"
"GuiasD1","Detalle de Guias de Despacho","188","EmpCod | TempCod | GuiNumInt | Gui1Corr","IGuiasD11:Unique:EmpCod+TempCod+GuiNumInt+Gui1Corr | IGuiasD12:Duplicate:EmpCod+TempCod+GuiNumInt | IGuiasD13:Duplicate:EmpCod+Especod | IGuiasD14:Duplicate:EmpCod+EnvCod"
"HHSemanas","HHSemanas","167","HHSEMP | HHSCor | HHSTIPO","IHHSemanas:Unique:HHSEMP+HHSCor+HHSTIPO"
"HisIN","HisIN","104","EmpCod | HisAAMM | HisTipo | HisOricod | HisCuar | HisProd | Hisespe | HisVar | HisEnv | HisCondi","IHisIN:Unique:EmpCod+HisAAMM+HisTipo+HisOricod+HisCuar+HisProd+Hisespe+HisVar+HisEnv+HisCondi | IHisIN1:Duplicate:EmpCod"
"Horarios","Horarios","162","HRini | HRFin | HRpausa","IHorarios:Unique:HRini+HRFin+HRpausa"
"IngActivo","IngActivo","212","INACCod","IIngActivo:Unique:INACCod"
"LinConfig","LinConfig","219","EmpCod | LinMaquina | LinID | ConfID","ILinConfig:Unique:EmpCod+LinMaquina+LinID+ConfID | ILinConfig1:Duplicate:EmpCod+EnvCod+Catcod | ILinConfig2:Duplicate:EmpCod+Especod+Calibre | ILinConfig3:Duplicate:EmpCod+LinMaquina+LinID"
"Lineas","Lineas","220","EmpCod | LinMaquina | LinID","ILineas:Unique:EmpCod+LinMaquina+LinID | ILineas1:Duplicate:EmpCod"
"ListPrecios","ListPrecios","206","EmpCod | CliCod | Especod | Calibre | EnvCod | LSPFecD | LSPFecH | MonCod","IListPrecios:Unique:EmpCod+CliCod+Especod+Calibre+EnvCod+LSPFecD+LSPFecH+MonCod | IListPrecios1:Duplicate:MonCod | IListPrecios2:Duplicate:EmpCod+EnvCod | IListPrecios3:Duplicate:EmpCod+Especod+Calibre | IListPrecios4:Duplicate:EmpCod+CliCod"
"MaeClauVenta","MaeClauVenta","222","MaeClauCod","IMaeClauVenta:Unique:MaeClauCod"
"MaeForPag","MaeForPag","223","ForPaCod","IMaeForPag:Unique:ForPaCod"
"MaeLineaEmbalaje","MaeLineaEmbalaje","221","MaeLinCod","IMaeLineaEmbalaje:Unique:MaeLinCod"
"MaeModVenta","MaeModVenta","224","ModVenCod","IMaeModVenta:Unique:ModVenCod"
"MaeViaTran","MaeViaTran","225","MaeViaCod","IMaeViaTran:Unique:MaeViaCod"
"Modulos","Modulos","171","SistCod | Modcod","IModulos:Unique:SistCod+Modcod | IModulos1:Duplicate:SistCod"
"Monedas","Monedas","207","MonCod","IMonedas:Unique:MonCod"
"MovFrut","MovFrut","178","EmpCod | TempCod | OriCod | MovTDoc | MovNGuia | MovProd","IMovFrut:Unique:EmpCod+TempCod+OriCod+MovTDoc+MovNGuia+MovProd | IMovFrut1:Duplicate:EmpCod+MovProd | IMovFrut2:Duplicate:MovTDoc | IMovFrut3:Duplicate:EmpCod+TMcod+TMSCod | IMovFrut4:Duplicate:EmpCod+OriCod | IMovFrut5:Duplicate:EmpCod+TempCod | ind_fecha:Duplicate:EmpCod+TempCod+TMcod+TMSCod+MovFecha"
"MovFrut1","MovFrut1","179","EmpCod | TempCod | OriCod | MovTDoc | MovNGuia | MovProd | Mov1Nlote","IMovFrut11:Unique:EmpCod+TempCod+OriCod+MovTDoc+MovNGuia+MovProd+Mov1Nlote | IMovFrut12:Duplicate:Mov1Condi | IMovFrut13:Duplicate:EmpCod+Mov1TEnv | IMovFrut14:Duplicate:EmpCod+Mov1Espe+Mov1Var | IMovFrut15:Duplicate:EmpCod+MovProd+Mov1Cuar | IMovFrut16:Duplicate:EmpCod+TempCod+OriCod+MovTDoc+MovNGuia+MovProd | Ind_StockLote:Duplicate:EmpCod+TempCod+MovProd+Mov1Espe+Mov1Nlote | BusLote:Duplicate:EmpCod+TempCod+Mov1Nlote | Ind_OriProd:Duplicate:EmpCod+TempCod+OriCod+MovProd+Mov1Espe"
"NivSeg","NivSeg","5","NSegMod | NSegProg","INivSeg:Unique:NSegMod+NSegProg"
"OrdProc","Orden de Proceso","180","EmpCod | TempCod | Ordpnum","IOrdProc:Unique:EmpCod+TempCod+Ordpnum | IOrdProc1:Duplicate:EmpCod+Especod+VarCod | IOrdProc2:Duplicate:EmpCod+TempCod | ind_fecord:Duplicate:EmpCod+TempCod+OrdpFecha+Especod | IOrdProc4:Duplicate:EmpCod+ExpCod+ProdCod | IOrdProc3:Duplicate:EmpCod+OrdpTipEnv"
"OrdProc1","Detalle de Orden de Proceso","181","EmpCod | TempCod | Ordpnum | Ordp1Nlote","IOrdProc11:Unique:EmpCod+TempCod+Ordpnum+Ordp1Nlote | IOrdProc12:Duplicate:EmpCod+TempCod+Ordpnum"
"Origen","Origen","87","EmpCod | OriCod","IOrigen:Unique:EmpCod+OriCod | IOrigen1:Duplicate:EmpCod"
"PackList","PackList","139","EmpCod | TempCod | PackNumI","IPackList:Unique:EmpCod+TempCod+PackNumI | IPackList1:Duplicate:EmpCod+DACod | IPackList2:Duplicate:EmpCod+TempCod | IPackList3:Duplicate:EmpCod+AgeCod | IPackList4:Duplicate:DestCod | IPackList5:Duplicate:EmpCod+ConsCod | IPackList6:Duplicate:EmpCod+ExpCod | IPackList7:Duplicate:PackPuOr | IPackList8:Duplicate:PackPuDe | ind_packFecha:Duplicate:EmpCod+TempCod+PackFecha | IPackList9:Duplicate:EmpCod+CliCod | ind_packnumplani:Duplicate:EmpCod+TempCod+PackNumG"
"Paletiza01","Paletizado","192","EmpCod | TempCod | PALFolio","IPaletiza01:Unique:EmpCod+TempCod+PALFolio | IPaletiza011:Duplicate:EmpCod+ExpCod | IPaletiza013:Duplicate:EmpCod+TempCod | IPaletiza012:Duplicate:EmpCod+PALEspe | Ind_paletizaFecha:Duplicate:EmpCod+TempCod+PALFecha"
"Paletiza011","Detalle de Paletizado","193","EmpCod | TempCod | PALFolio | PAL2NCaja","IPaletiza0111:Unique:EmpCod+TempCod+PALFolio+PAL2NCaja | IPaletiza0112:Duplicate:EmpCod+TempCod+PALFolio | IPaletiza0113:Duplicate:EmpCod+Especod+Calibre | IPaletiza0114:Duplicate:EmpCod+EnvCod+Catcod | IPaletiza0115:Duplicate:EmpCod+ProdCod | IPaletiza0116:Duplicate:EmpCod+Especod+VarCod"
"paramge1","paramge1","190","EmpCod | PARCod | PAR1Cod","Iparamg2:Unique:EmpCod+PARCod+PAR1Cod | Iparamg3:Duplicate:EmpCod+PARCod"
"paramgen","paramgen","189","EmpCod | PARCod","Iparamgen:Unique:EmpCod+PARCod | Iparamg1:Duplicate:EmpCod"
"PasoSol","PasoSol","191","EmpCod | PSSoluser | PSSolprod | PSSolCuar","IPasoSol:Unique:EmpCod+PSSoluser+PSSolprod+PSSolCuar | IPasoSol1:Duplicate:EmpCod"
"Pausas","Pausas","163","PAUCod","IPausas:Unique:PAUCod"
"Procedencia","Procedencia","88","EmpCod | ProcCod","IProcedencia:Unique:EmpCod+ProcCod | IProcedencia1:Duplicate:EmpCod"
"ProcUSDA","Procesos Usda","149","EmpCod | TempCod | PUSTipo | PUSNum","IProcUSDA:Unique:EmpCod+TempCod+PUSTipo+PUSNum | IProcUSDA2:Duplicate:EmpCod+TempCod | IProcUSDA1:Duplicate:EmpCod+PUSEspe"
"ProcUSDA1","Detalle Procesos Usda","150","EmpCod | TempCod | PUSTipo | PUSNum | PUS1Folio","IProcUSDA11:Unique:EmpCod+TempCod+PUSTipo+PUSNum+PUS1Folio | IProcUSDA12:Duplicate:EmpCod+TempCod+PUSTipo+PUSNum | IProcUSDA13:Duplicate:EmpCod+PUS1Espe | IProcUSDA14:Duplicate:EmpCod+TBPCod | IProcUSDA15:Duplicate:EmpCod+TAlCod | IProcUSDA16:Duplicate:EmpCod+TEtCod"
"ProcUSDA2","Detalle de Folios USDA","151","EmpCod | TempCod | PUSTipo | PUSNum | PUS1Folio | PUS2Cor","IProcUSDA21:Unique:EmpCod+TempCod+PUSTipo+PUSNum+PUS1Folio+PUS2Cor | IProcUSDA22:Duplicate:EmpCod+Especod+Calibre | IProcUSDA23:Duplicate:EmpCod+Especod+VarCod | IProcUSDA24:Duplicate:EmpCod+EnvCod+Catcod | IProcUSDA25:Duplicate:EmpCod+ProdCod | IProcUSDA26:Duplicate:EmpCod+TempCod+PUSTipo+PUSNum+PUS1Folio"
"ProdGen","ProdGen","159","PRGCod","IProdGen:Unique:PRGCod"
"Productores","Productores","89","EmpCod | ProdCod","IProductores:Unique:EmpCod+ProdCod | IProductores1:Duplicate:EmpCod"
"Productores1","Cuarteles","90","EmpCod | ProdCod | CuarCod","IProductores11:Unique:EmpCod+ProdCod+CuarCod | IProductores12:Duplicate:EmpCod+ProdCod"
"Program","Program","172","SistCod | Modcod | ProgCod","IProgram:Unique:SistCod+Modcod+ProgCod | IProgram1:Duplicate:SistCod+Modcod"
"Program1","Program1","173","SistCod | Modcod | ProgCod | ProgOPCod","IProgram11:Unique:SistCod+Modcod+ProgCod+ProgOPCod | IProgram12:Duplicate:SistCod+Modcod+ProgCod"
"PS_Diagramas","PS Diagramas","216","EmpCod | TempCod | PSD_Login | PSD_ID | PSD_Folio | PSD_Corr","IPS_Diagramas:Unique:EmpCod+TempCod+PSD_Login+PSD_ID+PSD_Folio+PSD_Corr | IPS_Diagramas1:Duplicate:EmpCod+TempCod"
"PS_InfCal","PS InfCal","148","EmpCod | TempCod | PSC_login | PSC_Expor | PSC_Dest | PSC_Prod | PSC_Espe | PSC_Var | PSC_Env | PSC_Cor","IPS_InfCal:Unique:EmpCod+TempCod+PSC_login+PSC_Expor+PSC_Dest+PSC_Prod+PSC_Espe+PSC_Var+PSC_Env+PSC_Cor | IPS_InfCal1:Duplicate:EmpCod+PSC_Env | IPS_InfCal2:Duplicate:EmpCod+PSC_Espe+PSC_Var | IPS_InfCal3:Duplicate:EmpCod+PSC_Prod | IPS_InfCal4:Duplicate:PSC_Dest | IPS_InfCal5:Duplicate:EmpCod+PSC_Expor | IPS_InfCal6:Duplicate:EmpCod+TempCod"
"PS_InfG001","PS InfG001","186","EmpCod | TempCod | PSI_Login | PSI_Fecha | PSI_Texto | PSI_Num | PSI_ID","IPS_InfG001:Unique:EmpCod+TempCod+PSI_Login+PSI_Fecha+PSI_Texto+PSI_Num+PSI_ID | IPS_InfG0011:Duplicate:EmpCod+TempCod | Ind_PSGuias:Duplicate:EmpCod+TempCod+PSI_Login+PSI_Fecha+PSI_Texto+PSI_Num+PSI_ID+PSI_Text02"
"PS_SalRep01","PS SalRep01","130","EmpCod | TempCod | PSR_Login | PSR_NREp | PSR_Espe | PSR_Var | PSR_Prod | PSR_Env | PSR_Cat | PSR_Cal","IPS_SalRep01:Unique:EmpCod+TempCod+PSR_Login+PSR_NREp+PSR_Espe+PSR_Var+PSR_Prod+PSR_Env+PSR_Cat+PSR_Cal | IPS_SalRep011:Duplicate:EmpCod+PSR_Env+PSR_Cat | IPS_SalRep012:Duplicate:EmpCod+PSR_Prod | IPS_SalRep013:Duplicate:EmpCod+PSR_Espe+PSR_Var | IPS_SalRep014:Duplicate:EmpCod+TempCod"
"PS_Salrep02","PS Salrep02","131","EmpCod | TempCod | PSRM_Login | PSRM_Repa | PSRM_Folio | PSRM_Corr","IPS_Salrep02:Unique:EmpCod+TempCod+PSRM_Login+PSRM_Repa+PSRM_Folio+PSRM_Corr | IPS_Salrep021:Duplicate:EmpCod+TempCod"
"PS_Stock","PS Stock","102","EmpCod | PLogin | POricod | PProd | PCuar | PEspe | PVar | PEnv | PCond","IPS_Stock:Unique:EmpCod+PLogin+POricod+PProd+PCuar+PEspe+PVar+PEnv+PCond | IPS_Stock1:Duplicate:EmpCod"
"Puertos","Puertos","135","PuCod","IPuertos:Unique:PuCod"
"RecPesaje","RecPesaje","226","EmpCod | TempCod | RPSTdoc | RPSNdoc | RPSID","IRecPesaje:Unique:EmpCod+TempCod+RPSTdoc+RPSNdoc+RPSID | IRecPesaje1:Duplicate:ConCod | IRecPesaje2:Duplicate:EmpCod+EnvCod | IRecPesaje3:Duplicate:EmpCod+Especod+VarCod | IRecPesaje4:Duplicate:EmpCod+ProdCod+CuarCod | IRecPesaje5:Duplicate:EmpCod+TempCod"
"Repaletizaje","Repaletizaje","127","EmpCod | TempCod | REPNum","IRepaletizaje:Unique:EmpCod+TempCod+REPNum | IRepaletizaje1:Duplicate:EmpCod+TempCod | IRepaletizaje3:Duplicate:EmpCod+DACod"
"Repaletizaje1","Repaletizaje1","128","EmpCod | TempCod | REPNum | REP0Fol","IRepaletizaje11:Unique:EmpCod+TempCod+REPNum+REP0Fol | IRepaletizaje12:Duplicate:EmpCod+REp0Espe | IRepaletizaje13:Duplicate:EmpCod+TempCod+REPNum | IRepaletizaje14:Duplicate:EmpCod+REP0CBase | IRepaletizaje15:Duplicate:EmpCod+REP0Calt"
"Repaletizaje2","Repaletizaje2","129","EmpCod | TempCod | REPNum | REP0Fol | Rep1Corr | REP1Mov","IRepaletizaje2:Unique:EmpCod+TempCod+REPNum+REP0Fol+Rep1Corr+REP1Mov | IRepaletizaje21:Duplicate:EmpCod+REP1Env+REP1Cat | IRepaletizaje22:Duplicate:EmpCod+REP1Espe+Rep1Var | IRepaletizaje23:Duplicate:EmpCod+REP1Prod | IRepaletizaje24:Duplicate:EmpCod+TempCod+REPNum+REP0Fol | ind_datosCajas:Duplicate:EmpCod+TempCod+REP0Fol+Rep1Var+REP1Prod+REP1Env+REP1Cat+REP1Cal"
"RepFolProc","RepFolProc","155","EmpCod | TempCod | FR0NumI","IRepFolProc:Unique:EmpCod+TempCod+FR0NumI | IRepFolProc1:Duplicate:EmpCod+TempCod"
"RepFolProc1","RepFolProc1","156","EmpCod | TempCod | FR0NumI | FR1Folio","IRepFolProc11:Unique:EmpCod+TempCod+FR0NumI+FR1Folio | IRepFolProc12:Duplicate:EmpCod+TempCod+FR0NumI | IRepFolProc13:Duplicate:EmpCod+FR1CBase | IRepFolProc14:Duplicate:EmpCod+FR1Calt | IRepFolProc15:Duplicate:EmpCod+FR1Espe"
"RepFolProc2","RepFolProc2","157","EmpCod | TempCod | FR0NumI | FR1Folio | FR2Corr","IRepFolProc2:Unique:EmpCod+TempCod+FR0NumI+FR1Folio+FR2Corr | IRepFolProc21:Duplicate:EmpCod+TempCod+FR0NumI+FR1Folio | IRepFolProc22:Duplicate:EmpCod+FR2Env+FR2Cat | IRepFolProc23:Duplicate:EmpCod+FR2Espe+FR2Var | IRepFolProc24:Duplicate:EmpCod+FR2PRod"
"Secciones","Secciones","91","EmpCod | Seccod","ISecciones:Unique:EmpCod+Seccod | ISecciones1:Duplicate:EmpCod"
"Sistemas","Sistemas","174","SistCod","ISistemas:Unique:SistCod"
"Solicitudes1","Encabezado Solicitudes","124","EmpCod | TempCod | SolNum","ISolicitudes3:Unique:EmpCod+TempCod+SolNum | ISolicitudes6:Duplicate:EmpCod+TempCod | ISolicitudes:Duplicate:EmpCod+solespe | ISolicitudes1:Duplicate:SolDest | IND_SolFec:Duplicate:EmpCod+TempCod+Solfecha+solespe"
"Solicitudes2","TAB Solicitudes","125","EmpCod | TempCod | SolNum | Sol2Folio","ITAB_Solicitudes:Unique:EmpCod+TempCod+SolNum+Sol2Folio | ITAB_Solicitud1:Duplicate:EmpCod+Sol2Espe | ITAB_Solicitud2:Duplicate:EmpCod+TempCod+SolNum | Ind_espe:Duplicate:EmpCod+TempCod+Sol2Espe+Sol2Folio | ind_SolFolAnu:Duplicate:EmpCod+TempCod+Sol2NumAnu | ISolicitudes2:Duplicate:EmpCod+Sol2Ceti | ISolicitudes21:Duplicate:EmpCod+Sol2CBase | ISolicitudes22:Duplicate:EmpCod+Sol2CAlt"
"Solicitudes3","TAB Solicitude1","126","EmpCod | TempCod | SolNum | Sol2Folio | Sol3Corr","ISolicitudes31:Unique:EmpCod+TempCod+SolNum+Sol2Folio+Sol3Corr | ISolicitudes32:Duplicate:EmpCod+Sol3Env+Sol3CaT | ISolicitudes33:Duplicate:EmpCod+Sol3prod | ISolicitudes34:Duplicate:EmpCod+Sol3espe+Sol3Var | ISolicitudes35:Duplicate:EmpCod+TempCod+SolNum+Sol2Folio | ind_SolDatosCajas:Duplicate:EmpCod+TempCod+Sol2Folio+Sol3Var+Sol3prod+Sol3Env+Sol3CaT+Sol3Cal"
"Temp01","Temp01","123","EmpCod | TempCod","ITemp01:Unique:EmpCod+TempCod | ITemp011:Duplicate:EmpCod"
"TipAlt","TipAlt","152","EmpCod | TAlCod","ITipAlt:Unique:EmpCod+TAlCod | ITipAlt1:Duplicate:EmpCod"
"TipBPa","TipBPa","153","EmpCod | TBPCod","ITipBPa:Unique:EmpCod+TBPCod | ITipBPa1:Duplicate:EmpCod"
"Tipdoc","Tipos de Documentos","38","TdCod","ITipdoc:Unique:TdCod"
"TipEti","TipEti","154","EmpCod | TEtCod","ITipEti:Unique:EmpCod+TEtCod | ITipEti1:Duplicate:EmpCod"
"TipMov","TipMov","92","EmpCod | TMcod","ITipMov:Unique:EmpCod+TMcod | ITipMov1:Duplicate:EmpCod"
"TipMov1","TipMov1","93","EmpCod | TMcod | TMSCod","ITipMov11:Unique:EmpCod+TMcod+TMSCod | ITipMov12:Duplicate:EmpCod+TMcod"
"TipoTransMP","TipoTransMP","211","TTMPCod","ITipoTransMP:Unique:TTMPCod"
"TrataMP","TrataMP","213","TRACod","ITrataMP:Unique:TRACod"
"Usuarios","Usuarios","175","UsuLogin","IUsuarios:Unique:UsuLogin"
"ValMExt","ValMExt","205","MonCod | VMEFec","IValMExt:Unique:MonCod+VMEFec | IValMExt1:Duplicate:MonCod"
