"gxName","folder","businessPurpose","inputs","outputs","tablesRead","tablesWritten","tenantValidated","transactionStrategy","targetKind","targetPath","testEvidence","decision","status","notes"
"Efact01","(sin carpeta)","Proceso transversal o integracion por confirmar: apoya la operacion de ""efact xml"".","","","","","REVIEW_REQUIRED","","REVIEW_OR_RETIRE","","","","PENDING_ANALYSIS","Descripcion funcional sugerida desde nombre, carpeta y descripcion GX; validar reglas, tablas y casos de prueba."
"LineaEmbalaje","(sin carpeta)","Proceso transversal o integracion por confirmar: apoya la operacion de ""Linea Embalaje"".","&empcod | &lineaEMB","","","","PENDING_CONFIRMATION","","NODE_QUERY_SERVICE","","","","PENDING_ANALYSIS","Descripcion funcional sugerida desde nombre, carpeta y descripcion GX; validar reglas, tablas y casos de prueba."
"ValRutXML","(sin carpeta)","Proceso transversal o integracion por confirmar: consulta, calcula o valida informacion para ""Valida Rut XML"".","&PackRutChofer | &sw","","","","REVIEW_REQUIRED","","SHARED_UTILITY","","","","PENDING_ANALYSIS","Descripcion funcional sugerida desde nombre, carpeta y descripcion GX; validar reglas, tablas y casos de prueba."
"ArchiDET","Anulaciones","Gestion de anulaciones: anula, elimina o revierte registros asociados a ""Archivo Anulaciones"".","&empcod | &tempcod | &AnuFolio | &TotFol","","","","PENDING_CONFIRMATION","","INTEGRATION_OR_REPORT_SERVICE","","","","PENDING_ANALYSIS","Descripcion funcional sugerida desde nombre, carpeta y descripcion GX; validar reglas, tablas y casos de prueba."
"BajFoliosAnu","Anulaciones","Gestion de anulaciones: anula, elimina o revierte registros asociados a ""Baja Folios Anulacion"".","&empcod | &tempcod | &Solnum | &Folio | &FolAnu | &PE","","","","PENDING_CONFIRMATION","","NODE_QUERY_SERVICE","","","","PENDING_ANALYSIS","Descripcion funcional sugerida desde nombre, carpeta y descripcion GX; validar reglas, tablas y casos de prueba."
"CuentaFolAnu","Anulaciones","Gestion de anulaciones: consulta, calcula o valida informacion para ""Cuenta Fol Anu"".","&empcod | &Tempcod | &AnuFolio","","","","PENDING_CONFIRMATION","","NODE_QUERY_SERVICE","","","","PENDING_ANALYSIS","Descripcion funcional sugerida desde nombre, carpeta y descripcion GX; validar reglas, tablas y casos de prueba."
"EliFoliosAnu","Anulaciones","Gestion de anulaciones: anula, elimina o revierte registros asociados a ""Elimina Folios Anulados"".","&empcod | &tempcod | &Solnum | &Folio | &FolAnu | &PE","","","","PENDING_CONFIRMATION","","NODE_QUERY_SERVICE","","","","PENDING_ANALYSIS","Descripcion funcional sugerida desde nombre, carpeta y descripcion GX; validar reglas, tablas y casos de prueba."
"EliDespCS","Cajas_Leidas","Lectura y despacho de cajas: anula, elimina o revierte registros asociados a ""Elimina despacho CS"".","&Empcod | &Tempcod | &CAPNDesp","","","","PENDING_CONFIRMATION","","SHARED_UTILITY","","","","PENDING_ANALYSIS","Descripcion funcional sugerida desde nombre, carpeta y descripcion GX; validar reglas, tablas y casos de prueba."
"ELIDETDCS","Cajas_Leidas","Lectura y despacho de cajas: anula, elimina o revierte registros asociados a ""Elimina det despacho cajas sueltas"".","&Empcod | &tempcod | &CAPCOD | &CAPNDesp | &SwE","","","","PENDING_CONFIRMATION","","NODE_QUERY_SERVICE","","","","PENDING_ANALYSIS","Descripcion funcional sugerida desde nombre, carpeta y descripcion GX; validar reglas, tablas y casos de prueba."
"GrabaDespCS","Cajas_Leidas","Lectura y despacho de cajas: crea, actualiza o registra datos para ""Graba Desp CS"".","&Empcod | &Clicod | &Tdcod | &Ndoc | &FechA | &Glosa | &Login | &Sw | &DCSNumint","","","","PENDING_CONFIRMATION","","NODE_USE_CASE","","","","PENDING_ANALYSIS","Descripcion funcional sugerida desde nombre, carpeta y descripcion GX; validar reglas, tablas y casos de prueba."
"GrabaDETDCS","Cajas_Leidas","Lectura y despacho de cajas: crea, actualiza o registra datos para ""Graba Detalle Despacho CS"".","&Empcod | &tempcod | &CAPCOD | &Fecha | &CAPNDesp | &CliCod | &SwE","","","","PENDING_CONFIRMATION","","NODE_QUERY_SERVICE","","","","PENDING_ANALYSIS","Descripcion funcional sugerida desde nombre, carpeta y descripcion GX; validar reglas, tablas y casos de prueba."
"LeeCajasD","Cajas_Leidas","Lectura y despacho de cajas: consulta, calcula o valida informacion para ""Lee Cajas D"".","&Empcod | &tempcod | &Fecha | &DCSNumint | &CliCod","","","","PENDING_CONFIRMATION","","INTEGRATION_OR_REPORT_SERVICE","","","","PENDING_ANALYSIS","Descripcion funcional sugerida desde nombre, carpeta y descripcion GX; validar reglas, tablas y casos de prueba."
"INSCajasProc","CapturaCajas","Captura de cajas de empaque: crea, actualiza o registra datos para ""INSERTA Cajas"".","&Empcod | &Tempcod | &Espe | &Varcod | &Prod | &Export | &numproc | &Fecha | &Lect | &SwE | &Confcod | &lineaEMB","","","","PENDING_CONFIRMATION","","NODE_USE_CASE","","","","PENDING_ANALYSIS","Descripcion funcional sugerida desde nombre, carpeta y descripcion GX; validar reglas, tablas y casos de prueba."
"UPDCajasProc","CapturaCajas","Captura de cajas de empaque: crea, actualiza o registra datos para ""INSERTA Cajas"".","&Empcod | &Tempcod | &Espe | &Varcod | &Prod | &Export | &numproc | &Fecha | &NumCAJ | &Env | &Cat | &calibre | &lineaEMB","","","","PENDING_CONFIRMATION","","NODE_QUERY_SERVICE","","","","PENDING_ANALYSIS","Descripcion funcional sugerida desde nombre, carpeta y descripcion GX; validar reglas, tablas y casos de prueba."
"Autonumber","ConfiguracionLineas","Configuracion de lineas de embalaje: apoya la operacion de ""Autonumber"".","&empcod | &i","","","","PENDING_CONFIRMATION","","NODE_QUERY_SERVICE","","","","PENDING_ANALYSIS","Descripcion funcional sugerida desde nombre, carpeta y descripcion GX; validar reglas, tablas y casos de prueba."
"CreaCabeza","ConfiguracionLineas","Configuracion de lineas de embalaje: crea, actualiza o registra datos para ""Crea Cabeza"".","&EmpCod | &ConfID | &LinMaquina | &LinID","","","","PENDING_CONFIRMATION","","NODE_USE_CASE","","","","PENDING_ANALYSIS","Descripcion funcional sugerida desde nombre, carpeta y descripcion GX; validar reglas, tablas y casos de prueba."
"DLTConf","ConfiguracionLineas","Configuracion de lineas de embalaje: anula, elimina o revierte registros asociados a ""DLTConf"".","&EmpCod | &ConfID | &LinMaquina | &LinID","","","","PENDING_CONFIRMATION","","NODE_USE_CASE","","","","PENDING_ANALYSIS","Descripcion funcional sugerida desde nombre, carpeta y descripcion GX; validar reglas, tablas y casos de prueba."
"EstadoACt","ConfiguracionLineas","Configuracion de lineas de embalaje: consulta, calcula o valida informacion para ""Estado ACt"".","&EmpCod | &LinMaquina | &LinID | &ConfEstado","","","","PENDING_CONFIRMATION","","NODE_QUERY_SERVICE","","","","PENDING_ANALYSIS","Descripcion funcional sugerida desde nombre, carpeta y descripcion GX; validar reglas, tablas y casos de prueba."
"EstadoCONF","ConfiguracionLineas","Configuracion de lineas de embalaje: consulta, calcula o valida informacion para ""Estado CONF"".","&EmpCod | &LinMaquina | &LinID | &ConfEstado","","","","PENDING_CONFIRMATION","","NODE_QUERY_SERVICE","","","","PENDING_ANALYSIS","Descripcion funcional sugerida desde nombre, carpeta y descripcion GX; validar reglas, tablas y casos de prueba."
"GrabaConf","ConfiguracionLineas","Configuracion de lineas de embalaje: crea, actualiza o registra datos para ""Graba Conf"".","&EmpCod | &login | &ConfID | &LinMaquina | &LinID | &espe | &calibre | &env | &cat | &ConfEstado | &CodPerson","","","","PENDING_CONFIRMATION","","NODE_QUERY_SERVICE","","","","PENDING_ANALYSIS","Descripcion funcional sugerida desde nombre, carpeta y descripcion GX; validar reglas, tablas y casos de prueba."
"TraeConf","ConfiguracionLineas","Configuracion de lineas de embalaje: consulta, calcula o valida informacion para ""Trae Configuracion"".","&EmpCod | &LinPC | &LinID | &LinMaquina | &calibre | &cat | &env | &espe | &LConfCodPer","","","","PENDING_CONFIRMATION","","NODE_QUERY_SERVICE","","","","PENDING_ANALYSIS","Descripcion funcional sugerida desde nombre, carpeta y descripcion GX; validar reglas, tablas y casos de prueba."
"TraeEstLinea","ConfiguracionLineas","Configuracion de lineas de embalaje: consulta, calcula o valida informacion para ""Trae Est Linea"".","&EmpCod | &LinMaquina | &LinID | &Linestado","","","","PENDING_CONFIRMATION","","NODE_QUERY_SERVICE","","","","PENDING_ANALYSIS","Descripcion funcional sugerida desde nombre, carpeta y descripcion GX; validar reglas, tablas y casos de prueba."
"Crea_ClienteEmisor","Consultas","Consultas operacionales: crea, actualiza o registra datos para ""Despachado Cliente"".","&EmpCod | &TempCod | &FecD | &FecH | &Clicod | &PSI_Login","","","","PENDING_CONFIRMATION","","NODE_USE_CASE","","","","PENDING_ANALYSIS","Descripcion funcional sugerida desde nombre, carpeta y descripcion GX; validar reglas, tablas y casos de prueba."
"Crea_ConsultaDC","Consultas","Consultas operacionales: crea, actualiza o registra datos para ""Despachado Cliente"".","&EmpCod | &TempCod | &FecD | &FecH | &DesOTTipo | &Clicod | &PSI_Login","","","","PENDING_CONFIRMATION","","NODE_USE_CASE","","","","PENDING_ANALYSIS","Descripcion funcional sugerida desde nombre, carpeta y descripcion GX; validar reglas, tablas y casos de prueba."
"Eli_PS_InfG001","Consultas","Consultas operacionales: anula, elimina o revierte registros asociados a ""Elimina PSC_ Cal"".","&Empcod | &Tempcod | &PSC_login","","","","PENDING_CONFIRMATION","","NODE_USE_CASE","","","","PENDING_ANALYSIS","Descripcion funcional sugerida desde nombre, carpeta y descripcion GX; validar reglas, tablas y casos de prueba."
"Eli_PSC_Cal","Consultas","Consultas operacionales: anula, elimina o revierte registros asociados a ""Elimina PSC_ Cal"".","&Empcod | &Tempcod | &PSC_login","","","","PENDING_CONFIRMATION","","NODE_USE_CASE","","","","PENDING_ANALYSIS","Descripcion funcional sugerida desde nombre, carpeta y descripcion GX; validar reglas, tablas y casos de prueba."
"AnulaDespa","Despachos","Despachos de fruta: anula, elimina o revierte registros asociados a ""Anula Despacho"".","&Empcod | &Tempcod | &Dornum | &Login","","","","PENDING_CONFIRMATION","","NODE_USE_CASE","","","","PENDING_ANALYSIS","Descripcion funcional sugerida desde nombre, carpeta y descripcion GX; validar reglas, tablas y casos de prueba."
"ArchiDES","Despachos","Despachos de fruta: genera, imprime o integra una salida operativa para ""Archi Despacho"".","&empcod | &tempcod | &DorNum | &DornumF | &Selected","","","","PENDING_CONFIRMATION","","INTEGRATION_OR_REPORT_SERVICE","","","","PENDING_ANALYSIS","Descripcion funcional sugerida desde nombre, carpeta y descripcion GX; validar reglas, tablas y casos de prueba."
"BajaFolDesp","Despachos","Despachos de fruta: anula, elimina o revierte registros asociados a ""Baja Folios Despachos"".","&empcod | &Tempcod | &Solnum | &folio | &dornum","","","","PENDING_CONFIRMATION","","NODE_USE_CASE","","","","PENDING_ANALYSIS","Descripcion funcional sugerida desde nombre, carpeta y descripcion GX; validar reglas, tablas y casos de prueba."
"CamEstDespa","Despachos","Despachos de fruta: crea, actualiza o registra datos para ""Cambia Estado Despacho"".","&Empcod | &Tempcod | &Dornum | &Estado","","","","PENDING_CONFIRMATION","","NODE_QUERY_SERVICE","","","","PENDING_ANALYSIS","Descripcion funcional sugerida desde nombre, carpeta y descripcion GX; validar reglas, tablas y casos de prueba."
"EliFolDespa","Despachos","Despachos de fruta: anula, elimina o revierte registros asociados a ""Elimina Folio de Despacho"".","&Empcod | &Tempcod | &Dornum | &Folio","","","","PENDING_CONFIRMATION","","NODE_USE_CASE","","","","PENDING_ANALYSIS","Descripcion funcional sugerida desde nombre, carpeta y descripcion GX; validar reglas, tablas y casos de prueba."
"InsComunas","Despachos","Despachos de fruta: crea, actualiza o registra datos para ""Inserta Comunas"".","&Empcod | &Tempcod | &PSI_Login | &PSI_Texto | &PSI_Num","","","","PENDING_CONFIRMATION","","NODE_USE_CASE","","","","PENDING_ANALYSIS","Descripcion funcional sugerida desde nombre, carpeta y descripcion GX; validar reglas, tablas y casos de prueba."
"PlaniDSAG_PRC","Despachos","Despachos de fruta: genera, imprime o integra una salida operativa para ""Planilla Despacho SAG"".","&empcod | &tempcod | &dornum | &PLANISAG","","","","PENDING_CONFIRMATION","","NODE_QUERY_SERVICE","","","","PENDING_ANALYSIS","Descripcion funcional sugerida desde nombre, carpeta y descripcion GX; validar reglas, tablas y casos de prueba."
"PTraeCorDM","Despachos","Despachos de fruta: consulta, calcula o valida informacion para ""PTrae Cor DM"".","EmpCod | TempCod | DMATipPlani | DMANum | &DMA2Corr","","","","PENDING_CONFIRMATION","","NODE_QUERY_SERVICE","","","","PENDING_ANALYSIS","Descripcion funcional sugerida desde nombre, carpeta y descripcion GX; validar reglas, tablas y casos de prueba."
"ValPuerto","Despachos","Despachos de fruta: consulta, calcula o valida informacion para ""Val Puerto"".","&Pucod | &punac","","","","REVIEW_REQUIRED","","NODE_QUERY_SERVICE","","","","PENDING_ANALYSIS","Descripcion funcional sugerida desde nombre, carpeta y descripcion GX; validar reglas, tablas y casos de prueba."
"ActuTotFol_DOT","Despachos_Varios","Despachos comerciales y varios: crea, actualiza o registra datos para ""Actu Tot Fol_ DOT"".","&Empcod | &Tempcod | &NumI | &TotFol | &TotCajas | &Kilos","","","","PENDING_CONFIRMATION","","NODE_QUERY_SERVICE","","","","PENDING_ANALYSIS","Descripcion funcional sugerida desde nombre, carpeta y descripcion GX; validar reglas, tablas y casos de prueba."
"BajFolDesOT","Despachos_Varios","Despachos comerciales y varios: anula, elimina o revierte registros asociados a ""Baja Fol Des OT"".","&Empcod | &Tempcod | &NumInt | &Folio","","","","PENDING_CONFIRMATION","","NODE_USE_CASE","","","","PENDING_ANALYSIS","Descripcion funcional sugerida desde nombre, carpeta y descripcion GX; validar reglas, tablas y casos de prueba."
"BuscaGuiaI","Despachos_Varios","Despachos comerciales y varios: consulta, calcula o valida informacion para ""Busca Guia I"".","&Empcod | &Tempcod | &GuiNumInt | &GuiEstado","","","","PENDING_CONFIRMATION","","NODE_QUERY_SERVICE","","","","PENDING_ANALYSIS","Descripcion funcional sugerida desde nombre, carpeta y descripcion GX; validar reglas, tablas y casos de prueba."
"DLTdespComer","Despachos_Varios","Despachos comerciales y varios: anula, elimina o revierte registros asociados a ""Elimina despacho Comercial"".","&Empcod | &Tempcod | &DesOTNumI | &Corr","","","","PENDING_CONFIRMATION","","NODE_USE_CASE","","","","PENDING_ANALYSIS","Descripcion funcional sugerida desde nombre, carpeta y descripcion GX; validar reglas, tablas y casos de prueba."
"ELiFolDesOT","Despachos_Varios","Despachos comerciales y varios: anula, elimina o revierte registros asociados a ""ELimina Folios Des OT"".","&Empcod | &Tempcod | &NumInt | &Folio | &Corr","","","","PENDING_CONFIRMATION","","NODE_USE_CASE","","","","PENDING_ANALYSIS","Descripcion funcional sugerida desde nombre, carpeta y descripcion GX; validar reglas, tablas y casos de prueba."
"InsdespComer","Despachos_Varios","Despachos comerciales y varios: crea, actualiza o registra datos para ""Inserta despacho Comercial"".","&Empcod | &Tempcod | &DesOTNumI | &Corr | &Espe | &Kilos | &Fecha | &FCOOBS | &Login","","","","PENDING_CONFIRMATION","","NODE_USE_CASE","","","","PENDING_ANALYSIS","Descripcion funcional sugerida desde nombre, carpeta y descripcion GX; validar reglas, tablas y casos de prueba."
"CargafolDiag","Diagrama","Diagramacion y control de folios: genera, imprime o integra una salida operativa para ""Carga folios Diagrama"".","&Empcod | &Tempcod | &Ndoc","","","","PENDING_CONFIRMATION","","INTEGRATION_OR_REPORT_SERVICE","","","","PENDING_ANALYSIS","Descripcion funcional sugerida desde nombre, carpeta y descripcion GX; validar reglas, tablas y casos de prueba."
"CreaDiagramas","Diagrama","Diagramacion y control de folios: crea, actualiza o registra datos para ""Crea Diagramas"".","&EmpCod | &Login | &Tempcod | &FolDNdoc","","","","PENDING_CONFIRMATION","","NODE_USE_CASE","","","","PENDING_ANALYSIS","Descripcion funcional sugerida desde nombre, carpeta y descripcion GX; validar reglas, tablas y casos de prueba."
"DLTPS_diagrama","Diagrama","Diagramacion y control de folios: anula, elimina o revierte registros asociados a ""DLTPS_diagrama"".","EmpCod | TempCod | PSD_Login","","","","PENDING_CONFIRMATION","","NODE_USE_CASE","","","","PENDING_ANALYSIS","Descripcion funcional sugerida desde nombre, carpeta y descripcion GX; validar reglas, tablas y casos de prueba."
"EliFoliosDiag","Diagrama","Diagramacion y control de folios: apoya la operacion de ""Sum Caja Diagrama"".","EmpCod | TempCod | FolDNdoc","","","","PENDING_CONFIRMATION","","NODE_USE_CASE","","","","PENDING_ANALYSIS","Descripcion funcional sugerida desde nombre, carpeta y descripcion GX; validar reglas, tablas y casos de prueba."
"SumaCajasTDG","Diagrama","Diagramacion y control de folios: consulta, calcula o valida informacion para ""Suma Cajas Totales DG"".","EmpCod | TempCod | FolDNdoc","","","","PENDING_CONFIRMATION","","NODE_QUERY_SERVICE","","","","PENDING_ANALYSIS","Descripcion funcional sugerida desde nombre, carpeta y descripcion GX; validar reglas, tablas y casos de prueba."
"SumCajDG","Diagrama","Diagramacion y control de folios: apoya la operacion de ""Sum Caja Diagrama"".","EmpCod | TempCod | FolDNdoc | &FolD1AcumCaja | &FolD1Cajas","","","","PENDING_CONFIRMATION","","NODE_QUERY_SERVICE","","","","PENDING_ANALYSIS","Descripcion funcional sugerida desde nombre, carpeta y descripcion GX; validar reglas, tablas y casos de prueba."
"TraeCorrDG","Diagrama","Diagramacion y control de folios: consulta, calcula o valida informacion para ""Trae Corr DiaGrama"".","EmpCod | TempCod | FolDNdoc | &FolD1Corr","","","","PENDING_CONFIRMATION","","NODE_QUERY_SERVICE","","","","PENDING_ANALYSIS","Descripcion funcional sugerida desde nombre, carpeta y descripcion GX; validar reglas, tablas y casos de prueba."
"Report","Estilos","Proceso transversal o integracion por confirmar: genera, imprime o integra una salida operativa para ""Report"".","","","","","PENDING_CONFIRMATION","","NODE_QUERY_SERVICE","","","","PENDING_ANALYSIS","Descripcion funcional sugerida desde nombre, carpeta y descripcion GX; validar reglas, tablas y casos de prueba."
"Eti_CajaVina","ETIQUETAS","Etiquetado de cajas y lineas: genera, imprime o integra una salida operativa para ""Etiqueta Caja Vina"".","&Empcod | &Fecha | &Espe | &Varnom | &Calibre | &Env | &Cat | &Prod | &Codigo | &Confcod","","","","PENDING_CONFIRMATION","","REPORT_SERVICE","","","","PENDING_ANALYSIS","Descripcion funcional sugerida desde nombre, carpeta y descripcion GX; validar reglas, tablas y casos de prueba."
"Eti_CajaVinaP","ETIQUETAS","Etiquetado de cajas y lineas: genera, imprime o integra una salida operativa para ""Etiqueta Caja Vina"".","&Empcod | &Fecha | &EspeNom | &Varnom | &Calibre | &Envnom | &catnom | &Prodnom | &ProdProvincia | &ProdComuna | &Codigo","","","","PENDING_CONFIRMATION","","REPORT_SERVICE","","","","PENDING_ANALYSIS","Descripcion funcional sugerida desde nombre, carpeta y descripcion GX; validar reglas, tablas y casos de prueba."
"Eti_CV_China","ETIQUETAS","Etiquetado de cajas y lineas: genera, imprime o integra una salida operativa para ""Etiqueta Caja Vina"".","&LinImpre() | &LinImpreb() | &CodigoFin | &FecTx","","","","REVIEW_REQUIRED","","REPORT_SERVICE","","","","PENDING_ANALYSIS","Descripcion funcional sugerida desde nombre, carpeta y descripcion GX; validar reglas, tablas y casos de prueba."
"Eti_CV_Mexico","ETIQUETAS","Etiquetado de cajas y lineas: genera, imprime o integra una salida operativa para ""Etiqueta Caja Vina"".","&LinImpre() | &LinImpreb() | &CodigoFin | &Fechatx","","","","REVIEW_REQUIRED","","REPORT_SERVICE","","","","PENDING_ANALYSIS","Descripcion funcional sugerida desde nombre, carpeta y descripcion GX; validar reglas, tablas y casos de prueba."
"Eti_CV_Normal","ETIQUETAS","Etiquetado de cajas y lineas: genera, imprime o integra una salida operativa para ""Etiqueta Caja Vina"".","&LinImpre() | &LinImpreb() | &CodigoFin | &FecTx","","","","REVIEW_REQUIRED","","REPORT_SERVICE","","","","PENDING_ANALYSIS","Descripcion funcional sugerida desde nombre, carpeta y descripcion GX; validar reglas, tablas y casos de prueba."
"Eti_CV_Normal14","ETIQUETAS","Etiquetado de cajas y lineas: genera, imprime o integra una salida operativa para ""Etiqueta Caja Vina"".","&LinImpre() | &LinImpreb() | &CodigoFin | &FecTx","","","","REVIEW_REQUIRED","","REPORT_SERVICE","","","","PENDING_ANALYSIS","Descripcion funcional sugerida desde nombre, carpeta y descripcion GX; validar reglas, tablas y casos de prueba."
"Eti_CV_RioBlanco","ETIQUETAS","Etiquetado de cajas y lineas: genera, imprime o integra una salida operativa para ""Etiqueta Caja Vina"".","&LinImpre() | &LinImpreb() | &CodigoFin | &Fechatx","","","","REVIEW_REQUIRED","","REPORT_SERVICE","","","","PENDING_ANALYSIS","Descripcion funcional sugerida desde nombre, carpeta y descripcion GX; validar reglas, tablas y casos de prueba."
"Eti_CV_VINA2016","ETIQUETAS","Etiquetado de cajas y lineas: genera, imprime o integra una salida operativa para ""Etiqueta Caja Vina"".","&LinImpre() | &LinImpreb() | &CodigoFin | &FecTx","","","","REVIEW_REQUIRED","","REPORT_SERVICE","","","","PENDING_ANALYSIS","Descripcion funcional sugerida desde nombre, carpeta y descripcion GX; validar reglas, tablas y casos de prueba."
"Eti_LineaVina","ETIQUETAS","Etiquetado de cajas y lineas: genera, imprime o integra una salida operativa para ""Etiqueta Linea Viña"".","&Empcod | &Ndoc | &Env | &Cat | &Espe | &Calibre","","","","PENDING_CONFIRMATION","","REPORT_SERVICE","","","","PENDING_ANALYSIS","Descripcion funcional sugerida desde nombre, carpeta y descripcion GX; validar reglas, tablas y casos de prueba."
"Eti_LineaVina14","ETIQUETAS","Etiquetado de cajas y lineas: genera, imprime o integra una salida operativa para ""Etiqueta Linea Viña"".","&Empcod | &Ndoc | &Env | &Cat | &Espe | &Calibre | &Maq | &Lin | &Person","","","","PENDING_CONFIRMATION","","REPORT_SERVICE","","","","PENDING_ANALYSIS","Descripcion funcional sugerida desde nombre, carpeta y descripcion GX; validar reglas, tablas y casos de prueba."
"Impi_Etiquetas","ETIQUETAS","Etiquetado de cajas y lineas: genera, imprime o integra una salida operativa para ""Etiqueta Caja Vina"".","&Empcod | &Fecha | &Espe | &Varnom | &Calibre | &Env | &Cat | &Prod | &Codigo | &Confcod","","","","PENDING_CONFIRMATION","","REPORT_SERVICE","","","","PENDING_ANALYSIS","Descripcion funcional sugerida desde nombre, carpeta y descripcion GX; validar reglas, tablas y casos de prueba."
"AnulaFactura","Factura","Facturacion y documentos tributarios: anula, elimina o revierte registros asociados a ""Anula Factura"".","EmpCod | TempCod | FacNum | &FacEstado","","","","PENDING_CONFIRMATION","","NODE_QUERY_SERVICE","","","","PENDING_ANALYSIS","Descripcion funcional sugerida desde nombre, carpeta y descripcion GX; validar reglas, tablas y casos de prueba."
"BusFactura","Factura","Facturacion y documentos tributarios: crea, actualiza o registra datos para ""Bus Factura"".","EmpCod | FacNumI | &Sw | &FacTipDoc","","","","PENDING_CONFIRMATION","","NODE_QUERY_SERVICE","","","","PENDING_ANALYSIS","Descripcion funcional sugerida desde nombre, carpeta y descripcion GX; validar reglas, tablas y casos de prueba."
"CreaFactDetalle","Factura","Facturacion y documentos tributarios: crea, actualiza o registra datos para ""Crea Fact Detalle"".","&Empcod | &Tempcod | &Facnum | &Fac1Corr | &Fac1Detalle1 | &Fac1Cant | &Fac1PUnit | &Fac1PunitUSD | &Fac1Total | &Fac1TotalUSD","","","","PENDING_CONFIRMATION","","NODE_USE_CASE","","","","PENDING_ANALYSIS","Descripcion funcional sugerida desde nombre, carpeta y descripcion GX; validar reglas, tablas y casos de prueba."
"CreaFactura","Factura","Facturacion y documentos tributarios: crea, actualiza o registra datos para ""Crea Factura"".","&EmpCod | &TempCod | &FEchaFact | &Clicod | &FacNum | &FacTotal | &FacTotalUSD | &FacObs1 | &FacObs2 | &Facemisor | &ForPaCod | &FacForPsigla | &MaeClauCod | &MaeClauSigla | &ModVenCod | &ModVenSigla | &MaeViaCod | &MaeViaDesc | &GuiNumPack | &FacTipDoc | &VMEVal","","","","PENDING_CONFIRMATION","","NODE_USE_CASE","","","","PENDING_ANALYSIS","Descripcion funcional sugerida desde nombre, carpeta y descripcion GX; validar reglas, tablas y casos de prueba."
"CreaPreFactura","Factura","Facturacion y documentos tributarios: crea, actualiza o registra datos para ""Crea Pre Factura"".","&Empcod | &Tempcod | &PSI_Login | &Fecha | &Calibre | &Espe | &Cajas | &Espenom | &Kilos | &envCod","","","","PENDING_CONFIRMATION","","NODE_USE_CASE","","","","PENDING_ANALYSIS","Descripcion funcional sugerida desde nombre, carpeta y descripcion GX; validar reglas, tablas y casos de prueba."
"DesmarcaPrefactura","Factura","Facturacion y documentos tributarios: crea, actualiza o registra datos para ""Desmarca Prefactura"".","&Empcod | &TempCod | &GuiNFac | &Impresa | &Ndoc","","","","PENDING_CONFIRMATION","","NODE_QUERY_SERVICE","","","","PENDING_ANALYSIS","Descripcion funcional sugerida desde nombre, carpeta y descripcion GX; validar reglas, tablas y casos de prueba."
"Imp_FactuANA","Factura","Facturacion y documentos tributarios: crea, actualiza o registra datos para ""Factura Santa Ana"".","&EmpCod | &TempCod | &FacNum | &REI | &Pesos","","","","PENDING_CONFIRMATION","","NODE_QUERY_SERVICE","","","","PENDING_ANALYSIS","Descripcion funcional sugerida desde nombre, carpeta y descripcion GX; validar reglas, tablas y casos de prueba."
"Imp_FactuVINA","Factura","Facturacion y documentos tributarios: crea, actualiza o registra datos para ""Factura la Vina"".","&EmpCod | &TempCod | &FacNum | &REI | &Pesos","","","","PENDING_CONFIRMATION","","NODE_QUERY_SERVICE","","","","PENDING_ANALYSIS","Descripcion funcional sugerida desde nombre, carpeta y descripcion GX; validar reglas, tablas y casos de prueba."
"MarcaPreFactura","Factura","Facturacion y documentos tributarios: crea, actualiza o registra datos para ""Marca Pre Factura"".","EmpCod | TempCod | GuiNumInt | &NInt | &NFac | &Tipo","","","","PENDING_CONFIRMATION","","NODE_QUERY_SERVICE","","","","PENDING_ANALYSIS","Descripcion funcional sugerida desde nombre, carpeta y descripcion GX; validar reglas, tablas y casos de prueba."
"PImp_FacEXPXML","Factura","Facturacion y documentos tributarios: crea, actualiza o registra datos para ""Factura Exportacion"".","&EmpCod | &TempCod | &FacNumI | &facnum | &REI | &Pesos | &swF | &FacTipDoc","","","","REVIEW_REQUIRED","","REPORT_SERVICE","","","","PENDING_ANALYSIS","Descripcion funcional sugerida desde nombre, carpeta y descripcion GX; validar reglas, tablas y casos de prueba."
"PImp_FacXML","Factura","Facturacion y documentos tributarios: genera, imprime o integra una salida operativa para ""Xml efact"".","&EmpCod | &TempCod | &FacNumI | &facnum | &REI | &Pesos | &swF | &FacTipDoc","","","","REVIEW_REQUIRED","","REPORT_SERVICE","","","","PENDING_ANALYSIS","Descripcion funcional sugerida desde nombre, carpeta y descripcion GX; validar reglas, tablas y casos de prueba."
"PImp_NCreditoEXPxml","Factura","Facturacion y documentos tributarios: genera, imprime o integra una salida operativa para ""Nota Credito Exportacion"".","&EmpCod | &TempCod | &FacNumI | &facnum | &REI | &Pesos | &swF | &FacTipDoc","","","","REVIEW_REQUIRED","","REPORT_SERVICE","","","","PENDING_ANALYSIS","Descripcion funcional sugerida desde nombre, carpeta y descripcion GX; validar reglas, tablas y casos de prueba."
"PImp_NCreditoxml","Factura","Facturacion y documentos tributarios: genera, imprime o integra una salida operativa para ""Nota Credito Nacional"".","&EmpCod | &TempCod | &FacNumI | &facnum | &REI | &Pesos | &swF | &FacTipDoc","","","","REVIEW_REQUIRED","","REPORT_SERVICE","","","","PENDING_ANALYSIS","Descripcion funcional sugerida desde nombre, carpeta y descripcion GX; validar reglas, tablas y casos de prueba."
"PImp_NDebitoEXPxml","Factura","Facturacion y documentos tributarios: genera, imprime o integra una salida operativa para ""Nota Debito Exportacion"".","&EmpCod | &TempCod | &FacNumI | &facnum | &REI | &Pesos | &swF | &FacTipDoc","","","","REVIEW_REQUIRED","","REPORT_SERVICE","","","","PENDING_ANALYSIS","Descripcion funcional sugerida desde nombre, carpeta y descripcion GX; validar reglas, tablas y casos de prueba."
"PImp_NDebitoxml","Factura","Facturacion y documentos tributarios: genera, imprime o integra una salida operativa para ""Nota Debito Nacional"".","&EmpCod | &TempCod | &FacNumI | &facnum | &REI | &Pesos | &swF | &FacTipDoc","","","","REVIEW_REQUIRED","","REPORT_SERVICE","","","","PENDING_ANALYSIS","Descripcion funcional sugerida desde nombre, carpeta y descripcion GX; validar reglas, tablas y casos de prueba."
"SumaFact","Factura","Facturacion y documentos tributarios: consulta, calcula o valida informacion para ""Suma Fact"".","","","","","PENDING_CONFIRMATION","","NODE_QUERY_SERVICE","","","","PENDING_ANALYSIS","Descripcion funcional sugerida desde nombre, carpeta y descripcion GX; validar reglas, tablas y casos de prueba."
"TraeCorrFactura","Factura","Facturacion y documentos tributarios: crea, actualiza o registra datos para ""Trae Corr Factura"".","EmpCod | TempCod | &Ndoc | &Fac1Corr | &Tipo | &FacTipDoc","","","","PENDING_CONFIRMATION","","NODE_QUERY_SERVICE","","","","PENDING_ANALYSIS","Descripcion funcional sugerida desde nombre, carpeta y descripcion GX; validar reglas, tablas y casos de prueba."
"TraePrecio","Factura","Facturacion y documentos tributarios: consulta, calcula o valida informacion para ""Trae Precio"".","EmpCod | CliCod | Especod | Calibre | EnvCod | &Fecha | &MonCod | &LSPPrecioU","","","","PENDING_CONFIRMATION","","NODE_QUERY_SERVICE","","","","PENDING_ANALYSIS","Descripcion funcional sugerida desde nombre, carpeta y descripcion GX; validar reglas, tablas y casos de prueba."
"ExistenciaCom","Fruta_Comercial","Gestion de fruta comercial: consulta, calcula o valida informacion para ""Existencia Comercial"".","&Empcod | &Tempcod | &Espe | &TotKilos","","","","PENDING_CONFIRMATION","","NODE_QUERY_SERVICE","","","","PENDING_ANALYSIS","Descripcion funcional sugerida desde nombre, carpeta y descripcion GX; validar reglas, tablas y casos de prueba."
"ActuCorrGuia","Guias_Despacho","Guias de despacho: crea, actualiza o registra datos para ""Actu Corr Guia"".","&EmpCod | &GenCod | &Ndoc","","","","PENDING_CONFIRMATION","","NODE_USE_CASE","","","","PENDING_ANALYSIS","Descripcion funcional sugerida desde nombre, carpeta y descripcion GX; validar reglas, tablas y casos de prueba."
"BuscaEmisor","Guias_Despacho","Guias de despacho: consulta, calcula o valida informacion para ""Busca Emisor"".","&Empcod | &Prodcod | &GuiEmisor","","","","PENDING_CONFIRMATION","","NODE_QUERY_SERVICE","","","","PENDING_ANALYSIS","Descripcion funcional sugerida desde nombre, carpeta y descripcion GX; validar reglas, tablas y casos de prueba."
"BuscaEmisor2","Guias_Despacho","Guias de despacho: consulta, calcula o valida informacion para ""Busca Emisor2"".","&Empcod | &Prodcod | &GuiEmisor","","","","PENDING_CONFIRMATION","","NODE_QUERY_SERVICE","","","","PENDING_ANALYSIS","Descripcion funcional sugerida desde nombre, carpeta y descripcion GX; validar reglas, tablas y casos de prueba."
"BusGuia","Guias_Despacho","Guias de despacho: consulta, calcula o valida informacion para ""Bus Guia"".","EmpCod | GuiNumLeg | GuiEmisor | &SW","","","","PENDING_CONFIRMATION","","NODE_QUERY_SERVICE","","","","PENDING_ANALYSIS","Descripcion funcional sugerida desde nombre, carpeta y descripcion GX; validar reglas, tablas y casos de prueba."
"CamEstGuia","Guias_Despacho","Guias de despacho: apoya la operacion de ""Cam Est Guia"".","EmpCod | TempCod | GuiNumInt | &Estado","","","","PENDING_CONFIRMATION","","NODE_QUERY_SERVICE","","","","PENDING_ANALYSIS","Descripcion funcional sugerida desde nombre, carpeta y descripcion GX; validar reglas, tablas y casos de prueba."
"CopiaGuia","Guias_Despacho","Guias de despacho: apoya la operacion de ""Copia Guia"".","&empcod | &tempcod | &Login | &GuiNumInt","","","","PENDING_CONFIRMATION","","NODE_USE_CASE","","","","PENDING_ANALYSIS","Descripcion funcional sugerida desde nombre, carpeta y descripcion GX; validar reglas, tablas y casos de prueba."
"CreaGuias_Origen","Guias_Despacho","Guias de despacho: crea, actualiza o registra datos para ""Crea Guia de Clientes Pallet"".","&Empcod | &Tempcod | &packnumI | &NPlani | &Fecha | &Clicod | &Login | &GuiNumInt | &Tipo","","","","REVIEW_REQUIRED","","NODE_USE_CASE","","","","PENDING_ANALYSIS","Descripcion funcional sugerida desde nombre, carpeta y descripcion GX; validar reglas, tablas y casos de prueba."
"CreaGuias_OriTB","Guias_Despacho","Guias de despacho: crea, actualiza o registra datos para ""Crea Guias origen Trebol"".","&Empcod | &Tempcod | &packnumI | &NPlani | &Fecha | &Clicod | &Login | &GuiNumInt | &Tipo","","","","REVIEW_REQUIRED","","NODE_USE_CASE","","","","PENDING_ANALYSIS","Descripcion funcional sugerida desde nombre, carpeta y descripcion GX; validar reglas, tablas y casos de prueba."
"CreaGuias_OT","Guias_Despacho","Guias de despacho: crea, actualiza o registra datos para ""Crea Guia de Clientes Pallet"".","&Empcod | &Tempcod | &packnumI | &DesOTNumI | &Fecha | &Clicod | &Login | &GuiNumInt","","","","REVIEW_REQUIRED","","NODE_USE_CASE","","","","PENDING_ANALYSIS","Descripcion funcional sugerida desde nombre, carpeta y descripcion GX; validar reglas, tablas y casos de prueba."
"CreaGuias_OTTB","Guias_Despacho","Guias de despacho: crea, actualiza o registra datos para ""Crea Guias el TREBOL"".","&Empcod | &Tempcod | &packnumI | &DesOTNumI | &Fecha | &Clicod | &Login | &GuiNumInt","","","","REVIEW_REQUIRED","","NODE_USE_CASE","","","","PENDING_ANALYSIS","Descripcion funcional sugerida desde nombre, carpeta y descripcion GX; validar reglas, tablas y casos de prueba."
"GuiaD_Trebol01","Guias_Despacho","Guias de despacho: apoya la operacion de ""Guia Trebol01"".","&empcod | &tempcod | &GuiNumInt | &Empcod2 | &Tx05 | &ParFijo","","","","PENDING_CONFIRMATION","","NODE_QUERY_SERVICE","","","","PENDING_ANALYSIS","Descripcion funcional sugerida desde nombre, carpeta y descripcion GX; validar reglas, tablas y casos de prueba."
"GuiaD_vina01","Guias_Despacho","Guias de despacho: apoya la operacion de ""Guia de Despacho 01"".","&empcod | &tempcod | &GuiNumInt | &Empcod2 | &Tx05 | &ParFijo","","","","PENDING_CONFIRMATION","","NODE_QUERY_SERVICE","","","","PENDING_ANALYSIS","Descripcion funcional sugerida desde nombre, carpeta y descripcion GX; validar reglas, tablas y casos de prueba."
"GuiaDCli_FC_LV","Guias_Despacho","Guias de despacho: apoya la operacion de ""Guia Despacho Clientes Fruta Comercial"".","&Empcod | &Tempcod | &DesOTNumI | &GuiNumInt","","","","REVIEW_REQUIRED","","NODE_USE_CASE","","","","PENDING_ANALYSIS","Descripcion funcional sugerida desde nombre, carpeta y descripcion GX; validar reglas, tablas y casos de prueba."
"GuiaOrigen_LV","Guias_Despacho","Guias de despacho: apoya la operacion de ""Guia Origen_ LV"".","&Empcod | &Tempcod | &Tipo | &NPlani | &packnumi | &Fecha | &Login | &GuiDesde | &GuiHasta | &Clicod | &GuiNumInt","","","","REVIEW_REQUIRED","","NODE_USE_CASE","","","","PENDING_ANALYSIS","Descripcion funcional sugerida desde nombre, carpeta y descripcion GX; validar reglas, tablas y casos de prueba."
"GuiaOrigen_LVCal","Guias_Despacho","Guias de despacho: apoya la operacion de ""Guia Origen_ LVCal"".","&Empcod | &Tempcod | &Tipo | &NPlani | &packnumi | &Fecha | &Login | &GuiDesde | &GuiHasta | &Clicod | &GuiNumInt","","","","REVIEW_REQUIRED","","NODE_USE_CASE","","","","PENDING_ANALYSIS","Descripcion funcional sugerida desde nombre, carpeta y descripcion GX; validar reglas, tablas y casos de prueba."
"PImp_GuiaXML","Guias_Despacho","Guias de despacho: genera, imprime o integra una salida operativa para ""Xml Eguia"".","&EmpCod | &TempCod | &GuiNumInt | &guinumleg | &EmpCod2 | &swF","","","","REVIEW_REQUIRED","","REPORT_SERVICE","","","","PENDING_ANALYSIS","Descripcion funcional sugerida desde nombre, carpeta y descripcion GX; validar reglas, tablas y casos de prueba."
"REIGuiaD_vina01","Guias_Despacho","Guias de despacho: apoya la operacion de ""Guia de Despacho 01"".","&empcod | &tempcod | &GuiNumInt | &Empcod2 | &Tx05 | &ParFijo","","","","PENDING_CONFIRMATION","","NODE_QUERY_SERVICE","","","","PENDING_ANALYSIS","Descripcion funcional sugerida desde nombre, carpeta y descripcion GX; validar reglas, tablas y casos de prueba."
"SumDetGuia","Guias_Despacho","Guias de despacho: apoya la operacion de ""Sum Det Guia"".","&Empcod | &Tempcod | &GuiNumInt","","","","PENDING_CONFIRMATION","","NODE_QUERY_SERVICE","","","","PENDING_ANALYSIS","Descripcion funcional sugerida desde nombre, carpeta y descripcion GX; validar reglas, tablas y casos de prueba."
"TraeCorrGuia","Guias_Despacho","Guias de despacho: consulta, calcula o valida informacion para ""Trae Corr Guia"".","EmpCod | TempCod | &Ndoc | &Gui1Corr | &Tipo","","","","PENDING_CONFIRMATION","","NODE_QUERY_SERVICE","","","","PENDING_ANALYSIS","Descripcion funcional sugerida desde nombre, carpeta y descripcion GX; validar reglas, tablas y casos de prueba."
"TraenomEmisor","Guias_Despacho","Guias de despacho: consulta, calcula o valida informacion para ""Traenom Emisor"".","EmpCod | &empnom","","","","PENDING_CONFIRMATION","","NODE_QUERY_SERVICE","","","","PENDING_ANALYSIS","Descripcion funcional sugerida desde nombre, carpeta y descripcion GX; validar reglas, tablas y casos de prueba."
"AgrCeros","Ingreso_de_Folios","Ingreso y control de folios: apoya la operacion de ""Agr Ceros"".","&Largo | &Folio","","","","REVIEW_REQUIRED","","SHARED_UTILITY","","","","PENDING_ANALYSIS","Descripcion funcional sugerida desde nombre, carpeta y descripcion GX; validar reglas, tablas y casos de prueba."
"AnulaRepa_FR","Ingreso_de_Folios","Ingreso y control de folios: anula, elimina o revierte registros asociados a ""Anula Repa_ FR"".","&Empcod | &Tempcod | &Repnum","","","","PENDING_CONFIRMATION","","NODE_USE_CASE","","","","PENDING_ANALYSIS","Descripcion funcional sugerida desde nombre, carpeta y descripcion GX; validar reglas, tablas y casos de prueba."
"CreaRF0","Ingreso_de_Folios","Ingreso y control de folios: crea, actualiza o registra datos para ""Crea Rep Folios 0"".","&Empcod | &tempcod | &Repnum | &fecha | &Login | &Feccrea","","","","PENDING_CONFIRMATION","","NODE_USE_CASE","","","","PENDING_ANALYSIS","Descripcion funcional sugerida desde nombre, carpeta y descripcion GX; validar reglas, tablas y casos de prueba."
"FormatoCargaFol","Ingreso_de_Folios","Ingreso y control de folios: genera, imprime o integra una salida operativa para ""Formato Carga Folios"".","","","","","REVIEW_REQUIRED","","SHARED_UTILITY","","","","PENDING_ANALYSIS","Descripcion funcional sugerida desde nombre, carpeta y descripcion GX; validar reglas, tablas y casos de prueba."
"GRepAgrega1_RF","Ingreso_de_Folios","Ingreso y control de folios: crea, actualiza o registra datos para ""Agregar Folios S/I"".","&Empcod | &Tempcod | &PSR_Login | &Repnum | &Corr | &Folio | &Prod | &Espe | &Codvar | &Env | &Cat | &Calibre | &Cajas | &CajasI | &CajasR | &Nsol | &REP0Calt | &REP0CBase | &TetCod | &Expcod","","","","PENDING_CONFIRMATION","","NODE_USE_CASE","","","","PENDING_ANALYSIS","Descripcion funcional sugerida desde nombre, carpeta y descripcion GX; validar reglas, tablas y casos de prueba."
"GRepBaja2_FR2","Ingreso_de_Folios","Ingreso y control de folios: anula, elimina o revierte registros asociados a ""GRep Baja2_ FR2"".","&Empcod | &Tempcod | &PSR_Login | &Repnum | &Corr | &Folio | &Prod | &Espe | &Codvar | &Env | &Cat | &Calibre | &Cajas | &CajasI | &CajasR | &REP0Calt | &REP0CBase | &Expcod","","","","PENDING_CONFIRMATION","","NODE_USE_CASE","","","","PENDING_ANALYSIS","Descripcion funcional sugerida desde nombre, carpeta y descripcion GX; validar reglas, tablas y casos de prueba."
"RepEliFol_FR","Ingreso_de_Folios","Ingreso y control de folios: anula, elimina o revierte registros asociados a ""Elimina folio de repaletizaje"".","&Empcod | &Tempcod | &PSR_Login | &Repnum | &folio | &swErr","","","","PENDING_CONFIRMATION","","NODE_USE_CASE","","","","PENDING_ANALYSIS","Descripcion funcional sugerida desde nombre, carpeta y descripcion GX; validar reglas, tablas y casos de prueba."
"SubeFoliosExcel","Ingreso_de_Folios","Ingreso y control de folios: crea, actualiza o registra datos para ""Sube Folios Excel"".","&Empcod | &TempCod","","","","PENDING_CONFIRMATION","","INTEGRATION_OR_REPORT_SERVICE","","","","PENDING_ANALYSIS","Descripcion funcional sugerida desde nombre, carpeta y descripcion GX; validar reglas, tablas y casos de prueba."
"SumaCajaFol","Ingreso_de_Folios","Ingreso y control de folios: consulta, calcula o valida informacion para ""Suma Caja Folios"".","EmpCod | TempCod | FPFolio | FP2NProc | &Cajas | &Kilos","","","","PENDING_CONFIRMATION","","NODE_QUERY_SERVICE","","","","PENDING_ANALYSIS","Descripcion funcional sugerida desde nombre, carpeta y descripcion GX; validar reglas, tablas y casos de prueba."
"TraeCorFolio","Ingreso_de_Folios","Ingreso y control de folios: consulta, calcula o valida informacion para ""Trae Correlativo Folio Procesado"".","&empcod | &tempcod | &Folio | &Nproc | &Corr","","","","PENDING_CONFIRMATION","","NODE_QUERY_SERVICE","","","","PENDING_ANALYSIS","Descripcion funcional sugerida desde nombre, carpeta y descripcion GX; validar reglas, tablas y casos de prueba."
"TraeDatosLote","Ingreso_de_Folios","Ingreso y control de folios: consulta, calcula o valida informacion para ""Trae Datos Lote"".","&empcod | &nlote | &Fecha | &Export | &Prod | &Espe | &Varcod","","","","PENDING_CONFIRMATION","","NODE_QUERY_SERVICE","","","","PENDING_ANALYSIS","Descripcion funcional sugerida desde nombre, carpeta y descripcion GX; validar reglas, tablas y casos de prueba."
"VeriFolio","Ingreso_de_Folios","Ingreso y control de folios: consulta, calcula o valida informacion para ""Trae Correlativo Folio Procesado"".","&empcod | &tempcod | &Folio | &Nproc | &Fecha | &Espe | &Var | &Prod | &env | &Cat | &Calibre | &Sw","","","","PENDING_CONFIRMATION","","NODE_QUERY_SERVICE","","","","PENDING_ANALYSIS","Descripcion funcional sugerida desde nombre, carpeta y descripcion GX; validar reglas, tablas y casos de prueba."
"VeriFolioCuar","Ingreso_de_Folios","Ingreso y control de folios: consulta, calcula o valida informacion para ""Trae Correlativo Folio Procesado"".","&empcod | &tempcod | &Folio | &Nproc | &Fecha | &Espe | &Var | &Prod | &cuarcod | &env | &Cat | &Calibre | &Sw","","","","PENDING_CONFIRMATION","","NODE_QUERY_SERVICE","","","","PENDING_ANALYSIS","Descripcion funcional sugerida desde nombre, carpeta y descripcion GX; validar reglas, tablas y casos de prueba."
"CreaDetMovFrut1","Ingresos","Recepcion e ingresos de fruta: crea, actualiza o registra datos para ""Crea Det Mov Frut1"".","&EmpCod | &TempCod | &OriCod | &MovTDoc | &MovNGuia | &MovProd | &Mov1Cuar | &Mov1Espe | &Mov1Var | &Mov1TEnv | &Mov1Condi | &Mov1NumE | &Mov1KilB | &Mov1Fecha | &Mov1Nlote","","","","PENDING_CONFIRMATION","","NODE_USE_CASE","","","","PENDING_ANALYSIS","Descripcion funcional sugerida desde nombre, carpeta y descripcion GX; validar reglas, tablas y casos de prueba."
"EliLinIng","Ingresos","Recepcion e ingresos de fruta: anula, elimina o revierte registros asociados a ""Elimina Linea de Ingreso"".","EmpCod | OriCod | MovTDoc | MovNGuia | MovProd | MovFecha | Mov1Cuar | Mov1Espe | Mov1Var | Mov1TEnv | Mov1Condi","","","","PENDING_CONFIRMATION","","NODE_USE_CASE","","","","PENDING_ANALYSIS","Descripcion funcional sugerida desde nombre, carpeta y descripcion GX; validar reglas, tablas y casos de prueba."
"SumDetRecep","Ingresos","Recepcion e ingresos de fruta: consulta, calcula o valida informacion para ""Suma Detalle Recepcion"".","EmpCod | TempCod | OriCod | MovTDoc | MovNGuia | MovProd","","","","PENDING_CONFIRMATION","","NODE_QUERY_SERVICE","","","","PENDING_ANALYSIS","Descripcion funcional sugerida desde nombre, carpeta y descripcion GX; validar reglas, tablas y casos de prueba."
"TraeNomProductor","Ingresos","Recepcion e ingresos de fruta: consulta, calcula o valida informacion para ""Trae Nom Productor"".","EmpCod | ProdCod | &Prodnom","","","","PENDING_CONFIRMATION","","NODE_QUERY_SERVICE","","","","PENDING_ANALYSIS","Descripcion funcional sugerida desde nombre, carpeta y descripcion GX; validar reglas, tablas y casos de prueba."
"TraePeso","Ingresos","Recepcion e ingresos de fruta: consulta, calcula o valida informacion para ""TraePeso"".","EmpCod | EnvCod | &envPeso | &Envdestare","","","","PENDING_CONFIRMATION","","NODE_QUERY_SERVICE","","","","PENDING_ANALYSIS","Descripcion funcional sugerida desde nombre, carpeta y descripcion GX; validar reglas, tablas y casos de prueba."
"TraePesoB","Ingresos","Recepcion e ingresos de fruta: consulta, calcula o valida informacion para ""TraePeso"".","EmpCod | EnvCod | &envPeso | &Envpesob","","","","PENDING_CONFIRMATION","","NODE_QUERY_SERVICE","","","","PENDING_ANALYSIS","Descripcion funcional sugerida desde nombre, carpeta y descripcion GX; validar reglas, tablas y casos de prueba."
"ArchiINS","Inspecciones","Inspecciones y solicitudes: crea, actualiza o registra datos para ""Archivo Inspeccion"".","&empcod | &tempcod | &Solnum | &Selected","","","","PENDING_CONFIRMATION","","INTEGRATION_OR_REPORT_SERVICE","","","","PENDING_ANALYSIS","Descripcion funcional sugerida desde nombre, carpeta y descripcion GX; validar reglas, tablas y casos de prueba."
"BajaFolios","Inspecciones","Inspecciones y solicitudes: anula, elimina o revierte registros asociados a ""Baja Folios"".","&empcod | &Tempcod | &solnum | &Sol2Folio | &Cajas | &Kilos","","","","PENDING_CONFIRMATION","","NODE_USE_CASE","","","","PENDING_ANALYSIS","Descripcion funcional sugerida desde nombre, carpeta y descripcion GX; validar reglas, tablas y casos de prueba."
"CopiadeSolicit02","Inspecciones","Inspecciones y solicitudes: apoya la operacion de ""Detalle Solicitud"".","&empcod | &Tempcod | &SOLNUM | &SOLFECHA | &SOLNESPE","","","","PENDING_CONFIRMATION","","NODE_QUERY_SERVICE","","","","PENDING_ANALYSIS","Descripcion funcional sugerida desde nombre, carpeta y descripcion GX; validar reglas, tablas y casos de prueba."
"DelLineaSol","Inspecciones","Inspecciones y solicitudes: anula, elimina o revierte registros asociados a ""Del Linea Sol"".","&solnum | &Sol2Folio","","","","REVIEW_REQUIRED","","NODE_QUERY_SERVICE","","","","PENDING_ANALYSIS","Descripcion funcional sugerida desde nombre, carpeta y descripcion GX; validar reglas, tablas y casos de prueba."
"EliFolIns","Inspecciones","Inspecciones y solicitudes: anula, elimina o revierte registros asociados a ""Elimina Folios Inspeccionados"".","&empcod | &tempcod | &SolNum | &Sol2Folio","","","","PENDING_CONFIRMATION","","NODE_USE_CASE","","","","PENDING_ANALYSIS","Descripcion funcional sugerida desde nombre, carpeta y descripcion GX; validar reglas, tablas y casos de prueba."
"EstadoAnu","Inspecciones","Inspecciones y solicitudes: consulta, calcula o valida informacion para ""Estado Anu"".","&empcod | &tempcod | &solnum","","","","PENDING_CONFIRMATION","","NODE_QUERY_SERVICE","","","","PENDING_ANALYSIS","Descripcion funcional sugerida desde nombre, carpeta y descripcion GX; validar reglas, tablas y casos de prueba."
"EstadoLineaSol","Inspecciones","Inspecciones y solicitudes: consulta, calcula o valida informacion para ""Estado Linea Sol"".","&solnum | &Sol2Folio | &Estado | &ins","","","","REVIEW_REQUIRED","","NODE_QUERY_SERVICE","","","","PENDING_ANALYSIS","Descripcion funcional sugerida desde nombre, carpeta y descripcion GX; validar reglas, tablas y casos de prueba."
"EstadoSol","Inspecciones","Inspecciones y solicitudes: consulta, calcula o valida informacion para ""Estado Sol"".","&empcod | &tempcod | &solnum | &solestado | &Login","","","","PENDING_CONFIRMATION","","NODE_USE_CASE","","","","PENDING_ANALYSIS","Descripcion funcional sugerida desde nombre, carpeta y descripcion GX; validar reglas, tablas y casos de prueba."
"RangoCajas","Inspecciones","Inspecciones y solicitudes: consulta, calcula o valida informacion para ""Rango Cajas"".","&empcod | &Tempcod | &solnum | &CajasA | &CajasB | &CajasC","","","","PENDING_CONFIRMATION","","NODE_QUERY_SERVICE","","","","PENDING_ANALYSIS","Descripcion funcional sugerida desde nombre, carpeta y descripcion GX; validar reglas, tablas y casos de prueba."
"Solicit01","Inspecciones","Inspecciones y solicitudes: apoya la operacion de ""Caratula de Solicitud"".","&empcod | &Tempcod | &Solnum | &login","","","","PENDING_CONFIRMATION","","NODE_USE_CASE","","","","PENDING_ANALYSIS","Descripcion funcional sugerida desde nombre, carpeta y descripcion GX; validar reglas, tablas y casos de prueba."
"Solicit01CU","Inspecciones","Inspecciones y solicitudes: apoya la operacion de ""Caratula Solicitud - Cuarteles"".","&empcod | &Tempcod | &Solnum | &login","","","","PENDING_CONFIRMATION","","NODE_USE_CASE","","","","PENDING_ANALYSIS","Descripcion funcional sugerida desde nombre, carpeta y descripcion GX; validar reglas, tablas y casos de prueba."
"Solicit02","Inspecciones","Inspecciones y solicitudes: apoya la operacion de ""Detalle Solicitud"".","&empcod | &Tempcod | &SOLNUM | &Solnumi | &SOLFECHA | &SOLNESPE","","","","PENDING_CONFIRMATION","","NODE_QUERY_SERVICE","","","","PENDING_ANALYSIS","Descripcion funcional sugerida desde nombre, carpeta y descripcion GX; validar reglas, tablas y casos de prueba."
"Solicit03","Inspecciones","Inspecciones y solicitudes: apoya la operacion de ""Detalle Solicitud"".","&empcod | &Tempcod | &SOLNUM | &SOLFECHA | &SOLNESPE","","","","PENDING_CONFIRMATION","","NODE_QUERY_SERVICE","","","","PENDING_ANALYSIS","Descripcion funcional sugerida desde nombre, carpeta y descripcion GX; validar reglas, tablas y casos de prueba."
"SolicitCU","Inspecciones","Inspecciones y solicitudes: apoya la operacion de ""Detalle Solicitud - Cuarteles"".","&empcod | &Tempcod | &SOLNUM | &Solnumi | &SOLFECHA | &SOLNESPE","","","","PENDING_CONFIRMATION","","NODE_QUERY_SERVICE","","","","PENDING_ANALYSIS","Descripcion funcional sugerida desde nombre, carpeta y descripcion GX; validar reglas, tablas y casos de prueba."
"TraeCorrSol","Inspecciones","Inspecciones y solicitudes: consulta, calcula o valida informacion para ""Trae Correlativo Solicitud"".","","","","","PENDING_CONFIRMATION","","NODE_QUERY_SERVICE","","","","PENDING_ANALYSIS","Descripcion funcional sugerida desde nombre, carpeta y descripcion GX; validar reglas, tablas y casos de prueba."
"TraeDatosFolio","Inspecciones","Inspecciones y solicitudes: consulta, calcula o valida informacion para ""Trae Datos Folio"".","&empcod | &Folio | &Espe | &Var | &Cajas | &Kilos | &EspeSol | &Swe","","","","PENDING_CONFIRMATION","","NODE_QUERY_SERVICE","","","","PENDING_ANALYSIS","Descripcion funcional sugerida desde nombre, carpeta y descripcion GX; validar reglas, tablas y casos de prueba."
"TraeNumSol","Inspecciones","Inspecciones y solicitudes: consulta, calcula o valida informacion para ""Trae Numero Solicitud"".","in:&empcod | in:&Tempcod | out:&Solnum | in: &solnumI","","","","PENDING_CONFIRMATION","","NODE_QUERY_SERVICE","","","","PENDING_ANALYSIS","Descripcion funcional sugerida desde nombre, carpeta y descripcion GX; validar reglas, tablas y casos de prueba."
"TraeNumSolInt","Inspecciones","Inspecciones y solicitudes: consulta, calcula o valida informacion para ""Trae Numero Solicitud"".","&empcod | &Tempcod | &solnum | &Solnumi","","","","PENDING_CONFIRMATION","","NODE_QUERY_SERVICE","","","","PENDING_ANALYSIS","Descripcion funcional sugerida desde nombre, carpeta y descripcion GX; validar reglas, tablas y casos de prueba."
"ArchiINT","Interplanta","Movimientos interplanta: genera, imprime o integra una salida operativa para ""Archivo Interplanta"".","&empcod | &tempcod | &Solnum","","","","PENDING_CONFIRMATION","","INTEGRATION_OR_REPORT_SERVICE","","","","PENDING_ANALYSIS","Descripcion funcional sugerida desde nombre, carpeta y descripcion GX; validar reglas, tablas y casos de prueba."
"RptCajaXLinea","LecturaCajas","Lectura de cajas: apoya la operacion de ""cajas por linea"".","&empcod | &tempcod","","","","REVIEW_REQUIRED","","REPORT_SERVICE","","","","PENDING_ANALYSIS","Descripcion funcional sugerida desde nombre, carpeta y descripcion GX; validar reglas, tablas y casos de prueba."
"GrabaMon","Maestros","Maestros y parametros del sistema: crea, actualiza o registra datos para ""GrabaMon"".","&MonCod | &VMEFec | &VMEVal","","","","REVIEW_REQUIRED","","NODE_USE_CASE","","","","PENDING_ANALYSIS","Descripcion funcional sugerida desde nombre, carpeta y descripcion GX; validar reglas, tablas y casos de prueba."
"TraeParametro","Maestros","Maestros y parametros del sistema: consulta, calcula o valida informacion para ""Trae Parametro"".","&Gecodemp | &PARCod | &PAR1Cod | &PAR1Valor1 | &PAR1Valor2 | &PAR1Valor3 | &Par1Texto | &SW","","","","PENDING_CONFIRMATION","","NODE_QUERY_SERVICE","","","","PENDING_ANALYSIS","Descripcion funcional sugerida desde nombre, carpeta y descripcion GX; validar reglas, tablas y casos de prueba."
"TraeParametro2","Maestros","Maestros y parametros del sistema: consulta, calcula o valida informacion para ""Trae Parametro2"".","&Gecodemp | &PARCod | &PAR1Cod | &PAR1Valor1 | &PAR1Valor2 | &PAR1Valor3 | &Par1Texto | &SW","","","","PENDING_CONFIRMATION","","NODE_QUERY_SERVICE","","","","PENDING_ANALYSIS","Descripcion funcional sugerida desde nombre, carpeta y descripcion GX; validar reglas, tablas y casos de prueba."
"TraeSDP","Maestros","Maestros y parametros del sistema: consulta, calcula o valida informacion para ""Trae SDP"".","&Empcod | &Prodcod | &ProdCodSAG","","","","PENDING_CONFIRMATION","","NODE_QUERY_SERVICE","","","","PENDING_ANALYSIS","Descripcion funcional sugerida desde nombre, carpeta y descripcion GX; validar reglas, tablas y casos de prueba."
"TraeValorMoneda","Maestros","Maestros y parametros del sistema: consulta, calcula o valida informacion para ""Trae Valor Moneda"".","&Fecha | &Moncod | &VMEVal","","","","REVIEW_REQUIRED","","NODE_QUERY_SERVICE","","","","PENDING_ANALYSIS","Descripcion funcional sugerida desde nombre, carpeta y descripcion GX; validar reglas, tablas y casos de prueba."
"Iniciar","Menus","Navegacion de la aplicacion: apoya la operacion de ""Iniciar"".","","","","","REVIEW_REQUIRED","","SHARED_UTILITY","","","","PENDING_ANALYSIS","Descripcion funcional sugerida desde nombre, carpeta y descripcion GX; validar reglas, tablas y casos de prueba."
"ArchiMP","Multipuerto","Despachos multipuerto: genera, imprime o integra una salida operativa para ""Archi Despacho"".","&empcod | &Login | &tempcod | &DorNum | &DornumF","","","","PENDING_CONFIRMATION","","INTEGRATION_OR_REPORT_SERVICE","","","","PENDING_ANALYSIS","Descripcion funcional sugerida desde nombre, carpeta y descripcion GX; validar reglas, tablas y casos de prueba."
"BuscaDatMP","Multipuerto","Despachos multipuerto: consulta, calcula o valida informacion para ""Busca Dat MP"".","&Empcod | &Tempcod | &DMPPlani | &Sw","","","","PENDING_CONFIRMATION","","NODE_QUERY_SERVICE","","","","PENDING_ANALYSIS","Descripcion funcional sugerida desde nombre, carpeta y descripcion GX; validar reglas, tablas y casos de prueba."
"CreaDatMP","Multipuerto","Despachos multipuerto: crea, actualiza o registra datos para ""Crea Dat MP"".","&Empcod | &Tempcod | &DMPPlani","","","","PENDING_CONFIRMATION","","NODE_USE_CASE","","","","PENDING_ANALYSIS","Descripcion funcional sugerida desde nombre, carpeta y descripcion GX; validar reglas, tablas y casos de prueba."
"GenComu","Multipuerto","Despachos multipuerto: crea, actualiza o registra datos para ""Genera Comunas"".","&Empcod | &Tempcod | &Login | &DorTipPlani | &DORNum | &Espe | &Env | &Comunas | &C","","","","PENDING_CONFIRMATION","","NODE_QUERY_SERVICE","","","","PENDING_ANALYSIS","Descripcion funcional sugerida desde nombre, carpeta y descripcion GX; validar reglas, tablas y casos de prueba."
"AsigEtiquetas","Orden_Proceso","Ordenes de proceso y lotes: crea, actualiza o registra datos para ""Asigna Etiquetas"".","&Empcod | &Tempcod | &Ordpnum | &GETxCCodigo","","","","PENDING_CONFIRMATION","","NODE_USE_CASE","","","","PENDING_ANALYSIS","Descripcion funcional sugerida desde nombre, carpeta y descripcion GX; validar reglas, tablas y casos de prueba."
"Buscaguia","Orden_Proceso","Ordenes de proceso y lotes: consulta, calcula o valida informacion para ""Buscaguia"".","&empcod | &GuiNumLeg | &GuiEstado","","","","PENDING_CONFIRMATION","","NODE_QUERY_SERVICE","","","","PENDING_ANALYSIS","Descripcion funcional sugerida desde nombre, carpeta y descripcion GX; validar reglas, tablas y casos de prueba."
"CamEstProc","Orden_Proceso","Ordenes de proceso y lotes: crea, actualiza o registra datos para ""Cambia Estado Orden Proceso"".","&Empcod | &Tempcod | &Ordpnum | &OrdpEstado","","","","PENDING_CONFIRMATION","","NODE_QUERY_SERVICE","","","","PENDING_ANALYSIS","Descripcion funcional sugerida desde nombre, carpeta y descripcion GX; validar reglas, tablas y casos de prueba."
"Crea_Detalle_LOTE","Orden_Proceso","Ordenes de proceso y lotes: crea, actualiza o registra datos para ""Crea_ Detalle_ LOTE"".","&EmpCod | &Tempcod | &Ordpnum | &Fecha | &NumEnv | &Kilos | &NLote | &Login | &SwE","","","","PENDING_CONFIRMATION","","NODE_USE_CASE","","","","PENDING_ANALYSIS","Descripcion funcional sugerida desde nombre, carpeta y descripcion GX; validar reglas, tablas y casos de prueba."
"CreaLOTE","Orden_Proceso","Ordenes de proceso y lotes: crea, actualiza o registra datos para ""Crea LOTE"".","&EmpCod | &Tempcod | &Fecha | &Espe | &Prodcod | &CodVar | &TotNumEnv | &TotKil | &Export | &Login | &Ordpnum | &Confcod | &SwE","","","","PENDING_CONFIRMATION","","NODE_USE_CASE","","","","PENDING_ANALYSIS","Descripcion funcional sugerida desde nombre, carpeta y descripcion GX; validar reglas, tablas y casos de prueba."
"EliCajasProc","Orden_Proceso","Ordenes de proceso y lotes: apoya la operacion de ""Eli Cajas Proc"".","EmpCod | TempCod | CAPCOD","","","","PENDING_CONFIRMATION","","NODE_USE_CASE","","","","PENDING_ANALYSIS","Descripcion funcional sugerida desde nombre, carpeta y descripcion GX; validar reglas, tablas y casos de prueba."
"EliEtixCal","Orden_Proceso","Ordenes de proceso y lotes: anula, elimina o revierte registros asociados a ""Elimina grupo de Etiquetas por Calibre"".","&Empcod | &Tempcod | &Ordpnum","","","","PENDING_CONFIRMATION","","NODE_USE_CASE","","","","PENDING_ANALYSIS","Descripcion funcional sugerida desde nombre, carpeta y descripcion GX; validar reglas, tablas y casos de prueba."
"EliOrdProc","Orden_Proceso","Ordenes de proceso y lotes: anula, elimina o revierte registros asociados a ""Elimina Ordenes de Proceso"".","&empcod | &Tempcod | &Ordpnum","","","","PENDING_CONFIRMATION","","NODE_USE_CASE","","","","PENDING_ANALYSIS","Descripcion funcional sugerida desde nombre, carpeta y descripcion GX; validar reglas, tablas y casos de prueba."
"EliOrdProc_Det","Orden_Proceso","Ordenes de proceso y lotes: anula, elimina o revierte registros asociados a ""Elimina Detalle de Ordenes"".","&empcod | &Tempcod | &Ordpnum | &Nlote","","","","PENDING_CONFIRMATION","","NODE_USE_CASE","","","","PENDING_ANALYSIS","Descripcion funcional sugerida desde nombre, carpeta y descripcion GX; validar reglas, tablas y casos de prueba."
"ExcelInfProc","Orden_Proceso","Ordenes de proceso y lotes: genera, imprime o integra una salida operativa para ""Informe de Proceso a Excel"".","&Empcod | &Tempcod | &CAPNproc","","","","PENDING_CONFIRMATION","","INTEGRATION_OR_REPORT_SERVICE","","","","PENDING_ANALYSIS","Descripcion funcional sugerida desde nombre, carpeta y descripcion GX; validar reglas, tablas y casos de prueba."
"GrabaCuadratura","Orden_Proceso","Ordenes de proceso y lotes: crea, actualiza o registra datos para ""Graba Cuadratura"".","&Empcod | &Tempcod | &Login | &Ordpnum | &OrdpEnvExp | &OrdpKilosExp | &OrdpEnvCom | &OrdpKilosCom | &OrdpDesecho","","","","PENDING_CONFIRMATION","","NODE_USE_CASE","","","","PENDING_ANALYSIS","Descripcion funcional sugerida desde nombre, carpeta y descripcion GX; validar reglas, tablas y casos de prueba."
"GrabaReEti","Orden_Proceso","Ordenes de proceso y lotes: crea, actualiza o registra datos para ""Graba Re Eti"".","&Empcod | &Tempcod | &CapCod | &env | &catcod | &Calibre | &ConfCod","","","","PENDING_CONFIRMATION","","NODE_QUERY_SERVICE","","","","PENDING_ANALYSIS","Descripcion funcional sugerida desde nombre, carpeta y descripcion GX; validar reglas, tablas y casos de prueba."
"ModiOrdProc","Orden_Proceso","Ordenes de proceso y lotes: crea, actualiza o registra datos para ""Modifica Orden Proceso"".","&empcod | &Tempcod | &Ordpnum | &ExpCod | &Fecha | &VarCod | &Confcod","","","","PENDING_CONFIRMATION","","NODE_QUERY_SERVICE","","","","PENDING_ANALYSIS","Descripcion funcional sugerida desde nombre, carpeta y descripcion GX; validar reglas, tablas y casos de prueba."
"SUMLotes","Orden_Proceso","Ordenes de proceso y lotes: consulta, calcula o valida informacion para ""SUMA Lotes"".","&empcod | &tempcod | &ordpnum","","","","PENDING_CONFIRMATION","","NODE_QUERY_SERVICE","","","","PENDING_ANALYSIS","Descripcion funcional sugerida desde nombre, carpeta y descripcion GX; validar reglas, tablas y casos de prueba."
"BusIDDesOT","Packing_List","Packing list y reportes de exportacion: consulta, calcula o valida informacion para ""Bus ID Despacho"".","&Empcod | &Tempcod | &Ndoc | &Dornum","","","","PENDING_CONFIRMATION","","REPORT_SERVICE","","","","PENDING_ANALYSIS","Descripcion funcional sugerida desde nombre, carpeta y descripcion GX; validar reglas, tablas y casos de prueba."
"BusIDDespa","Packing_List","Packing list y reportes de exportacion: consulta, calcula o valida informacion para ""Bus ID Despacho"".","&Empcod | &Tempcod | &Tipo | &Ndoc | &Dornum","","","","PENDING_CONFIRMATION","","REPORT_SERVICE","","","","PENDING_ANALYSIS","Descripcion funcional sugerida desde nombre, carpeta y descripcion GX; validar reglas, tablas y casos de prueba."
"GeneraPackinglist","Packing_List","Packing list y reportes de exportacion: crea, actualiza o registra datos para ""Genera Packing List"".","&Empcod | &Tempcod | &Ndoc | &Tipo | &login | &Num","","","","PENDING_CONFIRMATION","","REPORT_SERVICE","","","","PENDING_ANALYSIS","Descripcion funcional sugerida desde nombre, carpeta y descripcion GX; validar reglas, tablas y casos de prueba."
"PackingExcel","Packing_List","Packing list y reportes de exportacion: genera, imprime o integra una salida operativa para ""Packing Excel"".","&Empcod | &Tempcod | &Tipo | &packnumI","","","","PENDING_CONFIRMATION","","REPORT_SERVICE","","","","PENDING_ANALYSIS","Descripcion funcional sugerida desde nombre, carpeta y descripcion GX; validar reglas, tablas y casos de prueba."
"PackingExcelUS","Packing_List","Packing list y reportes de exportacion: genera, imprime o integra una salida operativa para ""Packing Excel US"".","&Empcod | &Tempcod | &Tipo | &packnumI","","","","PENDING_CONFIRMATION","","REPORT_SERVICE","","","","PENDING_ANALYSIS","Descripcion funcional sugerida desde nombre, carpeta y descripcion GX; validar reglas, tablas y casos de prueba."
"TraeKilosB","Packing_List","Packing list y reportes de exportacion: consulta, calcula o valida informacion para ""Trae Kilos Alex"".","EmpCod | TempCod | DorTipPlani | DORNum | &Suma","","","","PENDING_CONFIRMATION","","REPORT_SERVICE","","","","PENDING_ANALYSIS","Descripcion funcional sugerida desde nombre, carpeta y descripcion GX; validar reglas, tablas y casos de prueba."
"AbrirFolio","Paletizado","Paletizado y control de folios: apoya la operacion de ""Abrir Folio"".","&Empcod | &Tempcod | &Folio","","","","PENDING_CONFIRMATION","","NODE_USE_CASE","","","","PENDING_ANALYSIS","Descripcion funcional sugerida desde nombre, carpeta y descripcion GX; validar reglas, tablas y casos de prueba."
"ArmaFolios","Paletizado","Paletizado y control de folios: crea, actualiza o registra datos para ""Arma Folios"".","&Empcod | &Tempcod | &Folio | &Espe | &Expcod | &Fecha","","","","PENDING_CONFIRMATION","","NODE_USE_CASE","","","","PENDING_ANALYSIS","Descripcion funcional sugerida desde nombre, carpeta y descripcion GX; validar reglas, tablas y casos de prueba."
"BuscaFolioPAL","Paletizado","Paletizado y control de folios: consulta, calcula o valida informacion para ""Busca Folio PAL"".","&Empcod | &Tempcod | &Folio | &SwE | &SwCNT","","","","PENDING_CONFIRMATION","","NODE_QUERY_SERVICE","","","","PENDING_ANALYSIS","Descripcion funcional sugerida desde nombre, carpeta y descripcion GX; validar reglas, tablas y casos de prueba."
"CreaDetPaletizado","Paletizado","Paletizado y control de folios: crea, actualiza o registra datos para ""Crea Det Paletizado"".","&Empcod | &Tempcod | &Folio | &CAPCOD","","","","PENDING_CONFIRMATION","","NODE_USE_CASE","","","","PENDING_ANALYSIS","Descripcion funcional sugerida desde nombre, carpeta y descripcion GX; validar reglas, tablas y casos de prueba."
"CreaPaletizado01","Paletizado","Paletizado y control de folios: crea, actualiza o registra datos para ""Crea Paletizado01"".","&Empcod | &Tempcod | &Folio | &fecha | &Expcod | &Login | &Espe | &Cajas","","","","PENDING_CONFIRMATION","","NODE_USE_CASE","","","","PENDING_ANALYSIS","Descripcion funcional sugerida desde nombre, carpeta y descripcion GX; validar reglas, tablas y casos de prueba."
"EliCajaPal","Paletizado","Paletizado y control de folios: anula, elimina o revierte registros asociados a ""ELimina Caja Paletizado"".","&EmpCod | &TempCod | &PALFolio | &PAL2NCaja","","","","PENDING_CONFIRMATION","","NODE_USE_CASE","","","","PENDING_ANALYSIS","Descripcion funcional sugerida desde nombre, carpeta y descripcion GX; validar reglas, tablas y casos de prueba."
"EliFolPal","Paletizado","Paletizado y control de folios: genera, imprime o integra una salida operativa para ""Alimina Folio Paletizado"".","EmpCod | TempCod | PALFolio","","","","PENDING_CONFIRMATION","","NODE_USE_CASE","","","","PENDING_ANALYSIS","Descripcion funcional sugerida desde nombre, carpeta y descripcion GX; validar reglas, tablas y casos de prueba."
"GenerarFolios","Paletizado","Paletizado y control de folios: crea, actualiza o registra datos para ""Generar Folios"".","&Empcod | &Tempcod | &Expcod | &FolioFin | &FolioIni","","","","PENDING_CONFIRMATION","","NODE_USE_CASE","","","","PENDING_ANALYSIS","Descripcion funcional sugerida desde nombre, carpeta y descripcion GX; validar reglas, tablas y casos de prueba."
"sonido","Paletizado","Paletizado y control de folios: apoya la operacion de ""sonido"".","&Gxnombre","","","","REVIEW_REQUIRED","","INTEGRATION_OR_REPORT_SERVICE","","","","PENDING_ANALYSIS","Descripcion funcional sugerida desde nombre, carpeta y descripcion GX; validar reglas, tablas y casos de prueba."
"AgCeros","Proce_General","Servicios generales del sistema: apoya la operacion de ""AgCeros"".","&Texto | &Largo","","","","REVIEW_REQUIRED","","SHARED_UTILITY","","","","PENDING_ANALYSIS","Descripcion funcional sugerida desde nombre, carpeta y descripcion GX; validar reglas, tablas y casos de prueba."
"Encripta","Proce_General","Servicios generales del sistema: apoya la operacion de ""Encripta"".","&Cadena","","","","REVIEW_REQUIRED","","SHARED_UTILITY","","","","PENDING_ANALYSIS","Descripcion funcional sugerida desde nombre, carpeta y descripcion GX; validar reglas, tablas y casos de prueba."
"MontoEscrito","Proce_General","Servicios generales del sistema: apoya la operacion de ""Monto Escrito"".","&monnro | &monpal","","","","REVIEW_REQUIRED","","SHARED_UTILITY","","","","PENDING_ANALYSIS","Descripcion funcional sugerida desde nombre, carpeta y descripcion GX; validar reglas, tablas y casos de prueba."
"ParEmp","Proce_General","Servicios generales del sistema: apoya la operacion de ""Parametros Empresa"".","&Empcod | &EmpTReg","","","","PENDING_CONFIRMATION","","NODE_QUERY_SERVICE","","","","PENDING_ANALYSIS","Descripcion funcional sugerida desde nombre, carpeta y descripcion GX; validar reglas, tablas y casos de prueba."
"Rollback","Proce_General","Servicios generales del sistema: apoya la operacion de ""Rollback"".","","","","","REVIEW_REQUIRED","","SHARED_UTILITY","","","","PENDING_ANALYSIS","Descripcion funcional sugerida desde nombre, carpeta y descripcion GX; validar reglas, tablas y casos de prueba."
"TraeCodEspe","Proce_General","Servicios generales del sistema: consulta, calcula o valida informacion para ""Trae Codigo Especie"".","&Empcod | &espe | &EspeSag","","","","PENDING_CONFIRMATION","","NODE_QUERY_SERVICE","","","","PENDING_ANALYSIS","Descripcion funcional sugerida desde nombre, carpeta y descripcion GX; validar reglas, tablas y casos de prueba."
"TraeCor","Proce_General","Servicios generales del sistema: consulta, calcula o valida informacion para ""TraeCor"".","&Empcod | &Gencod | &Corr10 | &Corr5 | &Tipo | &Graba","","","","PENDING_CONFIRMATION","","NODE_USE_CASE","","","","PARTIAL_BACKEND","Descripcion funcional sugerida desde nombre, carpeta y descripcion GX; validar reglas, tablas y casos de prueba."
"TraeNSeg","Proce_General","Servicios generales del sistema: consulta, calcula o valida informacion para ""Trae Nivel de Seguridad"".","UsuLogin | &UsuNseg","","","","REVIEW_REQUIRED","","NODE_QUERY_SERVICE","","","","PENDING_ANALYSIS","Descripcion funcional sugerida desde nombre, carpeta y descripcion GX; validar reglas, tablas y casos de prueba."
"TraeTemp","Proce_General","Servicios generales del sistema: consulta, calcula o valida informacion para ""Trae Temporada"".","&empcod | &tempcod","","","","PENDING_CONFIRMATION","","NODE_QUERY_SERVICE","","","","PENDING_ANALYSIS","Descripcion funcional sugerida desde nombre, carpeta y descripcion GX; validar reglas, tablas y casos de prueba."
"Verirut","Proce_General","Servicios generales del sistema: consulta, calcula o valida informacion para ""Verirut"".","&Mprut | &v","","","","REVIEW_REQUIRED","","SHARED_UTILITY","","","","PENDING_ANALYSIS","Descripcion funcional sugerida desde nombre, carpeta y descripcion GX; validar reglas, tablas y casos de prueba."
"VeriUsu","Proce_General","Servicios generales del sistema: consulta, calcula o valida informacion para ""VeriUsu"".","UsuLogin | &Clave | &SwR","","","","REVIEW_REQUIRED","","NODE_QUERY_SERVICE","","","","PENDING_ANALYSIS","Descripcion funcional sugerida desde nombre, carpeta y descripcion GX; validar reglas, tablas y casos de prueba."
"GenCalibre_Proc","Procesos","Procesos de empaque: crea, actualiza o registra datos para ""Genera Calibres Procesados"".","&empcod | &Tempcod | &PSC_login | &FecD | &FecH | &ExportD | &ExportH | &ProdD | &ProdH | &EspeD | &EspeH | &VarD | &VarH | &EnvD | &EnvH | &Estado | &Dispo | &SwEx | &SwVar | &SwProd | &SwEnv | &SwCat | &LArgo","","","","PENDING_CONFIRMATION","","NODE_USE_CASE","","","","PENDING_ANALYSIS","Descripcion funcional sugerida desde nombre, carpeta y descripcion GX; validar reglas, tablas y casos de prueba."
"AnulaRepa","Repaletizaje","Repaletizaje: anula, elimina o revierte registros asociados a ""Anula Repa"".","&Empcod | &Tempcod | &Repnum","","","","PENDING_CONFIRMATION","","NODE_USE_CASE","","","","PENDING_ANALYSIS","Descripcion funcional sugerida desde nombre, carpeta y descripcion GX; validar reglas, tablas y casos de prueba."
"ArchiRepa","Repaletizaje","Repaletizaje: genera, imprime o integra una salida operativa para ""Archivo de Repaletizaje"".","&empcod | &tempcod | &repnum | &Repnumf","","","","PENDING_CONFIRMATION","","INTEGRATION_OR_REPORT_SERVICE","","","","PENDING_ANALYSIS","Descripcion funcional sugerida desde nombre, carpeta y descripcion GX; validar reglas, tablas y casos de prueba."
"CreaRepa","Repaletizaje","Repaletizaje: crea, actualiza o registra datos para ""Crea Repa"".","&Empcod | &tempcod | &Repnum | &fecha | &Login | &Feccrea | &Dacod","","","","PENDING_CONFIRMATION","","NODE_USE_CASE","","","","PENDING_ANALYSIS","Descripcion funcional sugerida desde nombre, carpeta y descripcion GX; validar reglas, tablas y casos de prueba."
"Eli_PSRepa","Repaletizaje","Repaletizaje: apoya la operacion de ""Eli_ PSRepa"".","&empcod | &tempcod | &PSR_Login | &Repa","","","","PENDING_CONFIRMATION","","NODE_USE_CASE","","","","PENDING_ANALYSIS","Descripcion funcional sugerida desde nombre, carpeta y descripcion GX; validar reglas, tablas y casos de prueba."
"FinRepa","Repaletizaje","Repaletizaje: apoya la operacion de ""Fin Repa"".","&Empcod | &Tempcod | &Repnum","","","","PENDING_CONFIRMATION","","NODE_USE_CASE","","","","PENDING_ANALYSIS","Descripcion funcional sugerida desde nombre, carpeta y descripcion GX; validar reglas, tablas y casos de prueba."
"FinRepa_RF","Repaletizaje","Repaletizaje: apoya la operacion de ""Fin Repa_ RF"".","&Empcod | &Tempcod | &Repnum","","","","PENDING_CONFIRMATION","","NODE_USE_CASE","","","","PENDING_ANALYSIS","Descripcion funcional sugerida desde nombre, carpeta y descripcion GX; validar reglas, tablas y casos de prueba."
"GRepAgrega1_1","Repaletizaje","Repaletizaje: crea, actualiza o registra datos para ""Agrega Folios"".","&Empcod | &Tempcod | &Login | &Repnum | &Corr | &Folio | &Prod | &Espe | &Codvar | &Env | &Cat | &Calibre | &Cajas | &CajasI | &CajasR | &Nsol | &REP0Calt | &REP0CBase","","","","PENDING_CONFIRMATION","","NODE_USE_CASE","","","","PENDING_ANALYSIS","Descripcion funcional sugerida desde nombre, carpeta y descripcion GX; validar reglas, tablas y casos de prueba."
"GRepBaja2","Repaletizaje","Repaletizaje: anula, elimina o revierte registros asociados a ""GRep Baja2"".","&Empcod | &tempcod | &PSRM_Login | &Ndoc | &Folio | &Corr | &Cajas | &Sw","","","","PENDING_CONFIRMATION","","NODE_USE_CASE","","","","PENDING_ANALYSIS","Descripcion funcional sugerida desde nombre, carpeta y descripcion GX; validar reglas, tablas y casos de prueba."
"GRepBaja2_2","Repaletizaje","Repaletizaje: anula, elimina o revierte registros asociados a ""GRep Baja2_2"".","&Empcod | &Tempcod | &Login | &Repnum | &Corr | &Folio | &Prod | &Espe | &Codvar | &Env | &Cat | &Calibre | &Cajas | &CajasI | &CajasR | &REP0Calt | &REP0CBase","","","","PENDING_CONFIRMATION","","NODE_USE_CASE","","","","PENDING_ANALYSIS","Descripcion funcional sugerida desde nombre, carpeta y descripcion GX; validar reglas, tablas y casos de prueba."
"GRepSube1_1","Repaletizaje","Repaletizaje: crea, actualiza o registra datos para ""Subir Cajas"".","&Empcod | &Tempcod | &Login | &Repnum | &Corr | &Folio | &Prod | &Espe | &Codvar | &Env | &Cat | &Calibre | &Cajas | &CajasI | &CajasR | &REP0Calt | &REP0CBase","","","","PENDING_CONFIRMATION","","NODE_USE_CASE","","","","PENDING_ANALYSIS","Descripcion funcional sugerida desde nombre, carpeta y descripcion GX; validar reglas, tablas y casos de prueba."
"GRepSube1_RF","Repaletizaje","Repaletizaje: crea, actualiza o registra datos para ""Sube Folios"".","&Empcod | &Tempcod | &PSR_Login | &Repnum | &Corr | &Folio | &Prod | &Espe | &Codvar | &Env | &Cat | &Calibre | &Cajas | &CajasI | &CajasR | &REP0Calt | &REP0CBase","","","","PENDING_CONFIRMATION","","NODE_USE_CASE","","","","PENDING_ANALYSIS","Descripcion funcional sugerida desde nombre, carpeta y descripcion GX; validar reglas, tablas y casos de prueba."
"RepEliFol","Repaletizaje","Repaletizaje: anula, elimina o revierte registros asociados a ""Elimina folio de repaletizaje"".","&Empcod | &Tempcod | &Login | &Repnum | &folio | &swErr","","","","PENDING_CONFIRMATION","","NODE_USE_CASE","","","","PENDING_ANALYSIS","Descripcion funcional sugerida desde nombre, carpeta y descripcion GX; validar reglas, tablas y casos de prueba."
"GenDes_Agente","SAG","Reportes y existencias SAG: crea, actualiza o registra datos para ""Genera Despacho Agente"".","&Empcod | &Tempcod | &PSC_login | &FecD | &FecH | &AgeCod | &Espe","","","","PENDING_CONFIRMATION","","NODE_USE_CASE","","","","PENDING_ANALYSIS","Descripcion funcional sugerida desde nombre, carpeta y descripcion GX; validar reglas, tablas y casos de prueba."
"GenDes_Consig","SAG","Reportes y existencias SAG: crea, actualiza o registra datos para ""Genera Despachado Consignatario"".","&Empcod | &Tempcod | &PSC_login | &FecD | &FecH | &ConsCod | &Espe","","","","PENDING_CONFIRMATION","","NODE_USE_CASE","","","","PENDING_ANALYSIS","Descripcion funcional sugerida desde nombre, carpeta y descripcion GX; validar reglas, tablas y casos de prueba."
"GenDes_Expor","SAG","Reportes y existencias SAG: crea, actualiza o registra datos para ""Genera Despachado por Exportador"".","&Empcod | &Tempcod | &PSC_login | &FecD | &FecH | &Export | &Espe","","","","PENDING_CONFIRMATION","","NODE_USE_CASE","","","","PENDING_ANALYSIS","Descripcion funcional sugerida desde nombre, carpeta y descripcion GX; validar reglas, tablas y casos de prueba."
"GenExis_SAG","SAG","Reportes y existencias SAG: crea, actualiza o registra datos para ""Genera Existencia SAG"".","&Login20 | &Empcod | &Tempcod | &FecD | &FecH | &Espe","","","","PENDING_CONFIRMATION","","NODE_USE_CASE","","","","PENDING_ANALYSIS","Descripcion funcional sugerida desde nombre, carpeta y descripcion GX; validar reglas, tablas y casos de prueba."
"Asignar","Seguridad","Seguridad y permisos de usuarios: crea, actualiza o registra datos para ""Asignar"".","&gecodemp | &LoginU | &SistCod | &AsigMod | &AsigAsig","","","","REVIEW_REQUIRED","","NODE_USE_CASE","","","","PENDING_ANALYSIS","Descripcion funcional sugerida desde nombre, carpeta y descripcion GX; validar reglas, tablas y casos de prueba."
"AsigProg","Seguridad","Seguridad y permisos de usuarios: crea, actualiza o registra datos para ""AsigProg"".","&gecodemp | &SistCod | &Modcod | &ProgCod | &ProgUsuC | &UsuLogin | &OPProg","","","","REVIEW_REQUIRED","","NODE_USE_CASE","","","","PENDING_ANALYSIS","Descripcion funcional sugerida desde nombre, carpeta y descripcion GX; validar reglas, tablas y casos de prueba."
"AsigProg2","Seguridad","Seguridad y permisos de usuarios: crea, actualiza o registra datos para ""AsigProg"".","&gecodemp | &SistCod | &Modcod | &ProgCod | &ProgUsuC | &UsuLogin | &ProgOPCod","","","","REVIEW_REQUIRED","","NODE_USE_CASE","","","","PENDING_ANALYSIS","Descripcion funcional sugerida desde nombre, carpeta y descripcion GX; validar reglas, tablas y casos de prueba."
"CamClave","Seguridad","Seguridad y permisos de usuarios: apoya la operacion de ""CamClave"".","&empcod | UsuLogin | &ClavN | &ClaveA | &SwE","","","","PENDING_CONFIRMATION","","NODE_QUERY_SERVICE","","","","PENDING_ANALYSIS","Descripcion funcional sugerida desde nombre, carpeta y descripcion GX; validar reglas, tablas y casos de prueba."
"DesAsig","Seguridad","Seguridad y permisos de usuarios: crea, actualiza o registra datos para ""DesAsig"".","&gecodemp | &Login | &SistCod | &Modcod | &ProgCod | &ProgOPCod","","","","REVIEW_REQUIRED","","NODE_USE_CASE","","","","PENDING_ANALYSIS","Descripcion funcional sugerida desde nombre, carpeta y descripcion GX; validar reglas, tablas y casos de prueba."
"VA","Seguridad","Seguridad y permisos de usuarios: apoya la operacion de ""Ver Acceso"".","&empcod | &Login | &Mod | &Prog | &Accion | &SwR","","","","PENDING_CONFIRMATION","","SHARED_UTILITY","","","","PENDING_ANALYSIS","Descripcion funcional sugerida desde nombre, carpeta y descripcion GX; validar reglas, tablas y casos de prueba."
"VA2","Seguridad","Seguridad y permisos de usuarios: apoya la operacion de ""Ver Acceso"".","&Gecodemp | &Login | &Sistcod | &Mod | &Prog | &Accion | &SwR","","","","REVIEW_REQUIRED","","NODE_QUERY_SERVICE","","","","PENDING_ANALYSIS","Descripcion funcional sugerida desde nombre, carpeta y descripcion GX; validar reglas, tablas y casos de prueba."
"VeriLicencia","Seguridad","Seguridad y permisos de usuarios: consulta, calcula o valida informacion para ""Veri Licencia"".","&Gecodemp","","","","PENDING_CONFIRMATION","","NODE_QUERY_SERVICE","","","","PENDING_ANALYSIS","Descripcion funcional sugerida desde nombre, carpeta y descripcion GX; validar reglas, tablas y casos de prueba."
"ST_Prod1","Stock","Consulta de stock: apoya la operacion de ""ST x Producto 1"".","&empcod | &Fecha | &Origen | &Prod | &Cuar | &Espe | &Var | &Env | &Condi | &Cant | &CantOP","","","","PENDING_CONFIRMATION","","NODE_QUERY_SERVICE","","","","PENDING_ANALYSIS","Descripcion funcional sugerida desde nombre, carpeta y descripcion GX; validar reglas, tablas y casos de prueba."
"GenPHTP","TM","Procesos TM: crea, actualiza o registra datos para ""Genera PHTP"".","","","","","REVIEW_REQUIRED","","NODE_USE_CASE","","","","PENDING_ANALYSIS","Descripcion funcional sugerida desde nombre, carpeta y descripcion GX; validar reglas, tablas y casos de prueba."
"SubHorario","TM","Procesos TM: apoya la operacion de ""Sub Horario"".","&Ruta","","","","REVIEW_REQUIRED","","NODE_USE_CASE","","","","PENDING_ANALYSIS","Descripcion funcional sugerida desde nombre, carpeta y descripcion GX; validar reglas, tablas y casos de prueba."
"SubPHTP","TM","Procesos TM: apoya la operacion de ""Sub PHTP"".","&Ruta","","","","REVIEW_REQUIRED","","NODE_USE_CASE","","","","PENDING_ANALYSIS","Descripcion funcional sugerida desde nombre, carpeta y descripcion GX; validar reglas, tablas y casos de prueba."
"AnulaDespaUS","USDA","Despachos y requisitos USDA: anula, elimina o revierte registros asociados a ""Anula Despacho"".","&Empcod | &Tempcod | &Dornum | &DorTipPlani","","","","PENDING_CONFIRMATION","","NODE_USE_CASE","","","","PENDING_ANALYSIS","Descripcion funcional sugerida desde nombre, carpeta y descripcion GX; validar reglas, tablas y casos de prueba."
"BajaFolDespUS","USDA","Despachos y requisitos USDA: anula, elimina o revierte registros asociados a ""Baja Folios Despachos"".","&empcod | &Tempcod | &PUSNum | &folio | &dornum | &DorTipPlani","","","","PENDING_CONFIRMATION","","NODE_USE_CASE","","","","PENDING_ANALYSIS","Descripcion funcional sugerida desde nombre, carpeta y descripcion GX; validar reglas, tablas y casos de prueba."
"BajaFolios_USDA","USDA","Despachos y requisitos USDA: anula, elimina o revierte registros asociados a ""Baja Folios_ USDA"".","&empcod | &Tempcod | &PUSTipo | &PUSNum | &Sol2Folio","","","","PENDING_CONFIRMATION","","NODE_USE_CASE","","","","PENDING_ANALYSIS","Descripcion funcional sugerida desde nombre, carpeta y descripcion GX; validar reglas, tablas y casos de prueba."
"CamEstDespaUS","USDA","Despachos y requisitos USDA: crea, actualiza o registra datos para ""Cambia Estado Despacho"".","&Empcod | &Tempcod | &Dornum | &DorTipPlani | &Estado","","","","PENDING_CONFIRMATION","","NODE_QUERY_SERVICE","","","","PENDING_ANALYSIS","Descripcion funcional sugerida desde nombre, carpeta y descripcion GX; validar reglas, tablas y casos de prueba."
"EliFolDesUS","USDA","Despachos y requisitos USDA: anula, elimina o revierte registros asociados a ""Elimina Folio DES USDA"".","&Empcod | &Tempcod | &DorTipPlani | &Dornum | &Folio","","","","PENDING_CONFIRMATION","","NODE_USE_CASE","","","","PENDING_ANALYSIS","Descripcion funcional sugerida desde nombre, carpeta y descripcion GX; validar reglas, tablas y casos de prueba."
"EliFolUS","USDA","Despachos y requisitos USDA: anula, elimina o revierte registros asociados a ""Elimina Folio USDA"".","&empcod | &tempcod | &PUSTipo | &PUSNum | &Sol2Folio","","","","PENDING_CONFIRMATION","","NODE_USE_CASE","","","","PENDING_ANALYSIS","Descripcion funcional sugerida desde nombre, carpeta y descripcion GX; validar reglas, tablas y casos de prueba."
"EstadoUS","USDA","Despachos y requisitos USDA: consulta, calcula o valida informacion para ""Estado US"".","&empcod | &tempcod | &PUSNum | &PUSTipo | &solestado | &Login","","","","PENDING_CONFIRMATION","","NODE_USE_CASE","","","","PENDING_ANALYSIS","Descripcion funcional sugerida desde nombre, carpeta y descripcion GX; validar reglas, tablas y casos de prueba."
"GenFol1","Varios","Procesos auxiliares: apoya la operacion de ""Gen Fol1"".","&Folini | &FolFin | &Espe | &Tempcod","","","","REVIEW_REQUIRED","","NODE_USE_CASE","","","","PENDING_ANALYSIS","Descripcion funcional sugerida desde nombre, carpeta y descripcion GX; validar reglas, tablas y casos de prueba."
