"gxName","description","folder","suggestedBusinessPurpose","lastUpdate","parameters","calls","sourceLength","sourceHash","hasSource","hasNew","hasDelete","hasCommit","hasRollback","usesEmpCod","usesTempCod","hardcodedCompany","uiDependency","recommendedTarget","migrationStatus"
"Efact01","efact xml","(sin carpeta)","Proceso transversal o integracion por confirmar: apoya la operacion de ""efact xml"".","2015-11-27 22:00:54GMT","","","0","01ba4719c80b6fe911b091a7c05124b64eeece964e09c058ef8f9805daca546b","false","false","false","false","false","false","false","false","false","REVIEW_OR_RETIRE","PENDING_ANALYSIS"
"LineaEmbalaje","Linea Embalaje","(sin carpeta)","Proceso transversal o integracion por confirmar: apoya la operacion de ""Linea Embalaje"".","2015-10-09 19:59:04GMT","&empcod | &lineaEMB","","184","ac680d5a2b0b8ec4eabda82bad34e70752967463a3c2bfae42cc354c4299b51f","true","false","false","false","false","true","false","false","false","NODE_QUERY_SERVICE","PENDING_ANALYSIS"
"ValRutXML","Valida Rut XML","(sin carpeta)","Proceso transversal o integracion por confirmar: consulta, calcula o valida informacion para ""Valida Rut XML"".","2016-11-14 13:05:52GMT","&PackRutChofer | &sw","Verirut","324","2437faac7d675b90ffa484ff41c068083ba046a9140256551538b4fed373b282","true","false","false","false","false","false","false","false","false","SHARED_UTILITY","PENDING_ANALYSIS"
"ArchiDET","Archivo Anulaciones","Anulaciones","Gestion de anulaciones: anula, elimina o revierte registros asociados a ""Archivo Anulaciones"".","2012-12-06 23:54:04GMT","&empcod | &tempcod | &AnuFolio | &TotFol","TraeParametro | gxSelDir","1401","faa718fd0ef138d5173f303eac8d848d94da2975f7984104884cab6201fc3892","true","false","false","false","false","true","true","false","true","INTEGRATION_OR_REPORT_SERVICE","PENDING_ANALYSIS"
"BajFoliosAnu","Baja Folios Anulacion","Anulaciones","Gestion de anulaciones: anula, elimina o revierte registros asociados a ""Baja Folios Anulacion"".","2007-10-10 20:06:08GMT","&empcod | &tempcod | &Solnum | &Folio | &FolAnu | &PE","","420","5b0e7a2baf0a2c46c348870a7750f2b35a983163666b0fdfb4e8eb07749055a8","true","false","false","false","false","true","true","false","false","NODE_QUERY_SERVICE","PENDING_ANALYSIS"
"CuentaFolAnu","Cuenta Fol Anu","Anulaciones","Gestion de anulaciones: consulta, calcula o valida informacion para ""Cuenta Fol Anu"".","2007-10-10 20:53:30GMT","&empcod | &Tempcod | &AnuFolio","","301","e78d07f00651d279553c52b58c4bbcf580fba1ee9ae0c2c1e391999badf9b304","true","false","false","false","false","true","true","false","false","NODE_QUERY_SERVICE","PENDING_ANALYSIS"
"EliFoliosAnu","Elimina Folios Anulados","Anulaciones","Gestion de anulaciones: anula, elimina o revierte registros asociados a ""Elimina Folios Anulados"".","2010-12-14 17:30:24GMT","&empcod | &tempcod | &Solnum | &Folio | &FolAnu | &PE","","414","9e53084a976adcaac867ad8ed99f561c326fa207bed9b9ab4ca8d288bacf3475","true","false","false","false","false","true","true","false","false","NODE_QUERY_SERVICE","PENDING_ANALYSIS"
"EliDespCS","Elimina despacho CS","Cajas_Leidas","Lectura y despacho de cajas: anula, elimina o revierte registros asociados a ""Elimina despacho CS"".","2011-12-02 20:59:26GMT","&Empcod | &Tempcod | &CAPNDesp","","460","501eb14c29a50025735b7f2e02cdc52ac630fb25d6ca7296424f863497782b51","true","false","false","false","false","true","true","false","false","SHARED_UTILITY","PENDING_ANALYSIS"
"ELIDETDCS","Elimina det despacho cajas sueltas","Cajas_Leidas","Lectura y despacho de cajas: anula, elimina o revierte registros asociados a ""Elimina det despacho cajas sueltas"".","2009-11-07 15:51:26GMT","&Empcod | &tempcod | &CAPCOD | &CAPNDesp | &SwE","","466","c5d1dbbb7f925963c00b4e65d429d8dee32ece5d03eb4b81f3520db8262e3e3f","true","false","false","false","false","true","true","false","false","NODE_QUERY_SERVICE","PENDING_ANALYSIS"
"GrabaDespCS","Graba Desp CS","Cajas_Leidas","Lectura y despacho de cajas: crea, actualiza o registra datos para ""Graba Desp CS"".","2009-09-08 21:45:36GMT","&Empcod | &Clicod | &Tdcod | &Ndoc | &FechA | &Glosa | &Login | &Sw | &DCSNumint","TraeCor","338","6eae646f71c224d9b990b5207c542c1ebf09438695431faae52bff6b84284bbc","true","true","false","false","false","true","false","false","false","NODE_USE_CASE","PENDING_ANALYSIS"
"GrabaDETDCS","Graba Detalle Despacho CS","Cajas_Leidas","Lectura y despacho de cajas: crea, actualiza o registra datos para ""Graba Detalle Despacho CS"".","2009-09-08 21:56:34GMT","&Empcod | &tempcod | &CAPCOD | &Fecha | &CAPNDesp | &CliCod | &SwE","","453","3a52976a887cc0822de06e73cd56eea03c618d6c66dfb024c6138cea744769a3","true","false","false","false","false","true","true","false","false","NODE_QUERY_SERVICE","PENDING_ANALYSIS"
"LeeCajasD","Lee Cajas D","Cajas_Leidas","Lectura y despacho de cajas: consulta, calcula o valida informacion para ""Lee Cajas D"".","2009-10-09 19:24:08GMT","&Empcod | &tempcod | &Fecha | &DCSNumint | &CliCod","gxSelFile | GrabaDETDCS | RErrores","529","378f9aeb0ce0fad8e8bcde7bf58fc4f698dc54cf199c87b38afb440e862e3f6c","true","false","false","false","false","true","true","false","true","INTEGRATION_OR_REPORT_SERVICE","PENDING_ANALYSIS"
"INSCajasProc","INSERTA Cajas","CapturaCajas","Captura de cajas de empaque: crea, actualiza o registra datos para ""INSERTA Cajas"".","2015-10-01 15:52:18GMT","&Empcod | &Tempcod | &Espe | &Varcod | &Prod | &Export | &numproc | &Fecha | &Lect | &SwE | &Confcod | &lineaEMB","TraePeso","1307","e4beaee46f10b0a002abfd1137e11acb9835d97000da94d8aa064790a4b47d6c","true","true","false","false","false","true","true","false","false","NODE_USE_CASE","PENDING_ANALYSIS"
"UPDCajasProc","INSERTA Cajas","CapturaCajas","Captura de cajas de empaque: crea, actualiza o registra datos para ""INSERTA Cajas"".","2015-09-29 14:02:24GMT","&Empcod | &Tempcod | &Espe | &Varcod | &Prod | &Export | &numproc | &Fecha | &NumCAJ | &Env | &Cat | &calibre | &lineaEMB","TraePeso","1254","27cc48e1d559baae054ff1632bd2dd76310c6f8e78dcf16b7319b08737d57b8b","true","false","false","false","false","true","true","false","false","NODE_QUERY_SERVICE","PENDING_ANALYSIS"
"Autonumber","Autonumber","ConfiguracionLineas","Configuracion de lineas de embalaje: apoya la operacion de ""Autonumber"".","2014-10-31 19:43:12GMT","&empcod | &i","","94","910cd2a04a030610288f9f2e51b49d3be1593f464442809ff2f971308339e63d","true","false","false","false","false","true","false","false","false","NODE_QUERY_SERVICE","PENDING_ANALYSIS"
"CreaCabeza","Crea Cabeza","ConfiguracionLineas","Configuracion de lineas de embalaje: crea, actualiza o registra datos para ""Crea Cabeza"".","2014-11-03 04:52:30GMT","&EmpCod | &ConfID | &LinMaquina | &LinID","","554","666a2e50887db63940647e6f80b4b011459e519960b1c0061912a769934e85e6","true","true","false","false","false","true","false","false","false","NODE_USE_CASE","PENDING_ANALYSIS"
"DLTConf","DLTConf","ConfiguracionLineas","Configuracion de lineas de embalaje: anula, elimina o revierte registros asociados a ""DLTConf"".","2014-11-03 05:27:06GMT","&EmpCod | &ConfID | &LinMaquina | &LinID","","172","2e509882e65d6ea5a39a9fc0c97f262603d62cdd77764298c3c17ac4afb90322","true","false","true","false","false","true","false","false","false","NODE_USE_CASE","PENDING_ANALYSIS"
"EstadoACt","Estado ACt","ConfiguracionLineas","Configuracion de lineas de embalaje: consulta, calcula o valida informacion para ""Estado ACt"".","2014-11-03 06:49:20GMT","&EmpCod | &LinMaquina | &LinID | &ConfEstado","","163","c13f75c9c13b786a5ff416310fddc78da0ac6df026008fe6edb5f443ce7aa7db","true","false","false","false","false","true","false","false","false","NODE_QUERY_SERVICE","PENDING_ANALYSIS"
"EstadoCONF","Estado CONF","ConfiguracionLineas","Configuracion de lineas de embalaje: consulta, calcula o valida informacion para ""Estado CONF"".","2014-11-03 06:35:24GMT","&EmpCod | &LinMaquina | &LinID | &ConfEstado","","162","35ae1079b6fd60fe5d668aa67ac9c098fb5b1050331347f03efd721e9c971b11","true","false","false","false","false","true","false","false","false","NODE_QUERY_SERVICE","PENDING_ANALYSIS"
"GrabaConf","Graba Conf","ConfiguracionLineas","Configuracion de lineas de embalaje: crea, actualiza o registra datos para ""Graba Conf"".","2014-11-05 02:51:04GMT","&EmpCod | &login | &ConfID | &LinMaquina | &LinID | &espe | &calibre | &env | &cat | &ConfEstado | &CodPerson","","409","14beb6e57382caaa6cad86793efb75859bfe11988b0b0a40f33b811a1063ad12","true","false","false","false","false","true","false","false","false","NODE_QUERY_SERVICE","PENDING_ANALYSIS"
"TraeConf","Trae Configuracion","ConfiguracionLineas","Configuracion de lineas de embalaje: consulta, calcula o valida informacion para ""Trae Configuracion"".","2014-11-05 03:27:32GMT","&EmpCod | &LinPC | &LinID | &LinMaquina | &calibre | &cat | &env | &espe | &LConfCodPer","","570","77a31206b2322df07419e3676410ee60e0cca6d68a15c8ac604efdce388732b9","true","false","false","false","false","true","false","false","true","NODE_QUERY_SERVICE","PENDING_ANALYSIS"
"TraeEstLinea","Trae Est Linea","ConfiguracionLineas","Configuracion de lineas de embalaje: consulta, calcula o valida informacion para ""Trae Est Linea"".","2014-11-05 03:46:38GMT","&EmpCod | &LinMaquina | &LinID | &Linestado","","174","b8c102cfeeebaa78b063adb98d03bd9356b06006c68528c1f6e1bfef79c1e47d","true","false","false","false","false","true","false","false","false","NODE_QUERY_SERVICE","PENDING_ANALYSIS"
"Crea_ClienteEmisor","Despachado Cliente","Consultas","Consultas operacionales: crea, actualiza o registra datos para ""Despachado Cliente"".","2011-12-29 02:58:34GMT","&EmpCod | &TempCod | &FecD | &FecH | &Clicod | &PSI_Login","Eli_PS_InfG001","1970","87eba5da1b65a0219d97e1b7ee061bf5852e7deb180f097247c6f55e4a3f3153","true","true","false","false","false","true","true","false","true","NODE_USE_CASE","PENDING_ANALYSIS"
"Crea_ConsultaDC","Despachado Cliente","Consultas","Consultas operacionales: crea, actualiza o registra datos para ""Despachado Cliente"".","2011-12-15 12:56:54GMT","&EmpCod | &TempCod | &FecD | &FecH | &DesOTTipo | &Clicod | &PSI_Login","Eli_PS_InfG001","1785","0a4553add73a278ee28f8d1cc1ffebaa9c07e945ad71180679ef8282f67891e2","true","true","false","false","false","true","true","false","true","NODE_USE_CASE","PENDING_ANALYSIS"
"Eli_PS_InfG001","Elimina PSC_ Cal","Consultas","Consultas operacionales: anula, elimina o revierte registros asociados a ""Elimina PSC_ Cal"".","2010-05-12 14:12:06GMT","&Empcod | &Tempcod | &PSC_login","","178","d8e000a2e0da66630932f052873c6df233debf44e3f77ea23f6791d5d6feb014","true","false","true","true","false","true","true","false","false","NODE_USE_CASE","PENDING_ANALYSIS"
"Eli_PSC_Cal","Elimina PSC_ Cal","Consultas","Consultas operacionales: anula, elimina o revierte registros asociados a ""Elimina PSC_ Cal"".","2007-10-18 20:10:52GMT","&Empcod | &Tempcod | &PSC_login","","207","6be4b31422982fc5d383bfccf70bd65cec94a2ec49ff383ad4ef9d64fbfa4c59","true","false","true","true","false","true","true","false","false","NODE_USE_CASE","PENDING_ANALYSIS"
"AnulaDespa","Anula Despacho","Despachos","Despachos de fruta: anula, elimina o revierte registros asociados a ""Anula Despacho"".","2009-02-23 17:08:24GMT","&Empcod | &Tempcod | &Dornum | &Login","","978","d551829da7b7f36babc2ad4b3d1a0335765d0e5a586300b6499c2c6ecd1862f6","true","false","true","false","false","true","true","false","false","NODE_USE_CASE","PENDING_ANALYSIS"
"ArchiDES","Archi Despacho","Despachos","Despachos de fruta: genera, imprime o integra una salida operativa para ""Archi Despacho"".","2012-12-07 00:02:08GMT","&empcod | &tempcod | &DorNum | &DornumF | &Selected","TraeParametro | TraeCodEspe","1897","aae799344436eaaa18fc59fdb2d7c73f58376916ef61371633f44a4f119c35c4","true","false","false","false","false","true","true","false","true","INTEGRATION_OR_REPORT_SERVICE","PENDING_ANALYSIS"
"BajaFolDesp","Baja Folios Despachos","Despachos","Despachos de fruta: anula, elimina o revierte registros asociados a ""Baja Folios Despachos"".","2008-12-27 17:28:08GMT","&empcod | &Tempcod | &Solnum | &folio | &dornum","","1691","1bcfe344f8b5765b0ccbcf0aa734e7157df7b3f9e54e2a946973ab40158e9dce","true","true","false","false","false","true","true","false","false","NODE_USE_CASE","PENDING_ANALYSIS"
"CamEstDespa","Cambia Estado Despacho","Despachos","Despachos de fruta: crea, actualiza o registra datos para ""Cambia Estado Despacho"".","2007-05-25 21:18:34GMT","&Empcod | &Tempcod | &Dornum | &Estado","TraeCor","274","ed03969f12f1e1a3f75c70f984457c015ccb8c7f2f1ad1ea42130936eb0a4187","true","false","false","false","false","true","true","false","false","NODE_QUERY_SERVICE","PENDING_ANALYSIS"
"EliFolDespa","Elimina Folio de Despacho","Despachos","Despachos de fruta: anula, elimina o revierte registros asociados a ""Elimina Folio de Despacho"".","2008-12-27 17:29:06GMT","&Empcod | &Tempcod | &Dornum | &Folio","","975","dd01a9601d981e9bd8991c309f8d1f701641e95f8cfc328e9cd9c922674985da","true","false","true","false","false","true","true","false","false","NODE_USE_CASE","PENDING_ANALYSIS"
"InsComunas","Inserta Comunas","Despachos","Despachos de fruta: crea, actualiza o registra datos para ""Inserta Comunas"".","2010-05-12 14:11:38GMT","&Empcod | &Tempcod | &PSI_Login | &PSI_Texto | &PSI_Num","","227","da6cd2925e00bad569699e42f1e8879a10657b98e82720ddd6f275aa50305b1d","true","true","false","false","false","true","true","false","false","NODE_USE_CASE","PENDING_ANALYSIS"
"PlaniDSAG_PRC","Planilla Despacho SAG","Despachos","Despachos de fruta: genera, imprime o integra una salida operativa para ""Planilla Despacho SAG"".","2012-11-12 02:02:08GMT","&empcod | &tempcod | &dornum | &PLANISAG","","1837","4750992dc1c534e4c5e3a54f8f711ab5205c2345d6f78ac52ab8f5150753596b","true","false","false","false","false","true","true","false","false","NODE_QUERY_SERVICE","PENDING_ANALYSIS"
"PTraeCorDM","PTrae Cor DM","Despachos","Despachos de fruta: consulta, calcula o valida informacion para ""PTrae Cor DM"".","2011-12-03 03:21:24GMT","EmpCod | TempCod | DMATipPlani | DMANum | &DMA2Corr","","118","789e67f8415ec792171b82b070a5ab426fdd670de16a7dd42ce49a9dd9db5931","true","false","false","false","false","true","true","false","false","NODE_QUERY_SERVICE","PENDING_ANALYSIS"
"ValPuerto","Val Puerto","Despachos","Despachos de fruta: consulta, calcula o valida informacion para ""Val Puerto"".","2007-05-23 16:10:06GMT","&Pucod | &punac","","84","dba1775cca15e92bb4efb978092945a030fd8ed859d4922d89f5160ec278edbd","true","false","false","false","false","false","false","false","false","NODE_QUERY_SERVICE","PENDING_ANALYSIS"
"ActuTotFol_DOT","Actu Tot Fol_ DOT","Despachos_Varios","Despachos comerciales y varios: crea, actualiza o registra datos para ""Actu Tot Fol_ DOT"".","2011-11-20 01:15:32GMT","&Empcod | &Tempcod | &NumI | &TotFol | &TotCajas | &Kilos","","214","f684344ed262346029507bedc1cd3f6b5562fc39d061bdd47e23b3e0e4282e31","true","false","false","false","false","true","true","false","false","NODE_QUERY_SERVICE","PENDING_ANALYSIS"
"BajFolDesOT","Baja Fol Des OT","Despachos_Varios","Despachos comerciales y varios: anula, elimina o revierte registros asociados a ""Baja Fol Des OT"".","2011-11-20 01:12:52GMT","&Empcod | &Tempcod | &NumInt | &Folio","","831","12dd3154c74f728d1897edd60e3ee87c986cfc9a527436fffe9ac9c19fe7cc43","true","true","false","false","false","true","true","false","false","NODE_USE_CASE","PENDING_ANALYSIS"
"BuscaGuiaI","Busca Guia I","Despachos_Varios","Despachos comerciales y varios: consulta, calcula o valida informacion para ""Busca Guia I"".","2011-11-19 01:16:58GMT","&Empcod | &Tempcod | &GuiNumInt | &GuiEstado","","178","35df6e5101eb80ae371bbe6671db35d18377cf07d771bb065090eedc4ee17c1b","true","false","false","false","false","true","true","false","false","NODE_QUERY_SERVICE","PENDING_ANALYSIS"
"DLTdespComer","Elimina despacho Comercial","Despachos_Varios","Despachos comerciales y varios: anula, elimina o revierte registros asociados a ""Elimina despacho Comercial"".","2011-11-19 00:59:44GMT","&Empcod | &Tempcod | &DesOTNumI | &Corr","Buscaguia","794","27295c0bce42afee7f5f68c83532029ec6a20be5febac3813b4fd81142e1f790","true","false","true","false","false","true","true","false","true","NODE_USE_CASE","PENDING_ANALYSIS"
"ELiFolDesOT","ELimina Folios Des OT","Despachos_Varios","Despachos comerciales y varios: anula, elimina o revierte registros asociados a ""ELimina Folios Des OT"".","2007-10-11 20:41:54GMT","&Empcod | &Tempcod | &NumInt | &Folio | &Corr","","546","c264cf1cd98b39b8c1879a4f710be7050473c926f3444c19023425365aea40f7","true","false","true","false","false","true","true","false","false","NODE_USE_CASE","PENDING_ANALYSIS"
"InsdespComer","Inserta despacho Comercial","Despachos_Varios","Despachos comerciales y varios: crea, actualiza o registra datos para ""Inserta despacho Comercial"".","2011-11-10 01:36:06GMT","&Empcod | &Tempcod | &DesOTNumI | &Corr | &Espe | &Kilos | &Fecha | &FCOOBS | &Login","","736","92acdd3833cecdbbc675b939ec35cb93390526f465d5ce723e440b0be89461d2","true","true","false","false","false","true","true","false","false","NODE_USE_CASE","PENDING_ANALYSIS"
"CargafolDiag","Carga folios Diagrama","Diagrama","Diagramacion y control de folios: genera, imprime o integra una salida operativa para ""Carga folios Diagrama"".","2012-12-10 03:13:16GMT","&Empcod | &Tempcod | &Ndoc","gxSelFile | EliFoliosDiag","2109","8c998f5a4a341455bb97ab9a24ff1a7d982c46427c7e9dc4f3eee0398caadffe","true","true","false","false","false","true","true","false","true","INTEGRATION_OR_REPORT_SERVICE","PENDING_ANALYSIS"
"CreaDiagramas","Crea Diagramas","Diagrama","Diagramacion y control de folios: crea, actualiza o registra datos para ""Crea Diagramas"".","2012-12-10 03:23:26GMT","&EmpCod | &Login | &Tempcod | &FolDNdoc","DLTPS_diagrama","3590","2fe69e3944473de8b25625c128a96d32c847ad3ebde9c1160876a0a65a81e446","true","true","false","false","false","true","true","false","false","NODE_USE_CASE","PENDING_ANALYSIS"
"DLTPS_diagrama","DLTPS_diagrama","Diagrama","Diagramacion y control de folios: anula, elimina o revierte registros asociados a ""DLTPS_diagrama"".","2012-12-08 20:33:02GMT","EmpCod | TempCod | PSD_Login","","83","9dbfc8d43a3dae16fc29e70fdd5789ccaf640a68561a2b86bfc0718f3c26821f","true","false","true","false","false","true","true","false","false","NODE_USE_CASE","PENDING_ANALYSIS"
"EliFoliosDiag","Sum Caja Diagrama","Diagrama","Diagramacion y control de folios: apoya la operacion de ""Sum Caja Diagrama"".","2012-12-10 02:30:16GMT","EmpCod | TempCod | FolDNdoc","","70","bb002dc0d4bea1de7abc75af3460dcbe0525527fb62942fd3254e2d2b8e1fcd9","true","false","true","false","false","true","true","false","false","NODE_USE_CASE","PENDING_ANALYSIS"
"SumaCajasTDG","Suma Cajas Totales DG","Diagrama","Diagramacion y control de folios: consulta, calcula o valida informacion para ""Suma Cajas Totales DG"".","2012-12-08 20:23:18GMT","EmpCod | TempCod | FolDNdoc","","223","0a68819d4d3c029417042bef767f90e709849c412a646e4e1066410e5b788082","true","false","false","false","false","true","true","false","false","NODE_QUERY_SERVICE","PENDING_ANALYSIS"
"SumCajDG","Sum Caja Diagrama","Diagrama","Diagramacion y control de folios: apoya la operacion de ""Sum Caja Diagrama"".","2012-12-08 19:58:20GMT","EmpCod | TempCod | FolDNdoc | &FolD1AcumCaja | &FolD1Cajas","","125","f9358e7a29c82fb610bf1392d97066d9a32a49e2f3b936fa514a148fbcef6c4d","true","false","false","false","false","true","true","false","false","NODE_QUERY_SERVICE","PENDING_ANALYSIS"
"TraeCorrDG","Trae Corr DiaGrama","Diagrama","Diagramacion y control de folios: consulta, calcula o valida informacion para ""Trae Corr DiaGrama"".","2012-12-08 17:41:36GMT","EmpCod | TempCod | FolDNdoc | &FolD1Corr","","117","d3b4c69acc505a68824692f838a24e08f435ed994f5d669917b01e5c3bf0a7b8","true","false","false","false","false","true","true","false","false","NODE_QUERY_SERVICE","PENDING_ANALYSIS"
"Report","Report","Estilos","Proceso transversal o integracion por confirmar: genera, imprime o integra una salida operativa para ""Report"".","2007-12-01 03:41:58GMT","","","179","b2a041fc9057c0105348b88e3ccb2c57a8e6f67d5cb97be988fd5c9c57fa93db","true","false","false","false","false","true","false","false","false","NODE_QUERY_SERVICE","PENDING_ANALYSIS"
"Eti_CajaVina","Etiqueta Caja Vina","ETIQUETAS","Etiquetado de cajas y lineas: genera, imprime o integra una salida operativa para ""Etiqueta Caja Vina"".","2009-11-19 14:10:54GMT","&Empcod | &Fecha | &Espe | &Varnom | &Calibre | &Env | &Cat | &Prod | &Codigo | &Confcod","","7635","7fdebdf4fea7afb6e2da0493e58d79f8ffb5981160385fa2c5f4fe33abce6a95","true","false","false","false","false","true","false","false","false","REPORT_SERVICE","PENDING_ANALYSIS"
"Eti_CajaVinaP","Etiqueta Caja Vina","ETIQUETAS","Etiquetado de cajas y lineas: genera, imprime o integra una salida operativa para ""Etiqueta Caja Vina"".","2009-10-09 15:32:40GMT","&Empcod | &Fecha | &EspeNom | &Varnom | &Calibre | &Envnom | &catnom | &Prodnom | &ProdProvincia | &ProdComuna | &Codigo","","2630","729a78222ac5b4e0db9e613c5947c8d4464f98aafbae4de8232c4a33d00f0c9c","true","false","false","false","false","true","false","false","false","REPORT_SERVICE","PENDING_ANALYSIS"
"Eti_CV_China","Etiqueta Caja Vina","ETIQUETAS","Etiquetado de cajas y lineas: genera, imprime o integra una salida operativa para ""Etiqueta Caja Vina"".","2009-11-27 19:16:54GMT","&LinImpre() | &LinImpreb() | &CodigoFin | &FecTx","","1684","21cb1e85cc19af08017c58f94f7809b6b9682a6a05ff96783a3a655f8425f591","true","false","false","false","false","false","false","false","false","REPORT_SERVICE","PENDING_ANALYSIS"
"Eti_CV_Mexico","Etiqueta Caja Vina","ETIQUETAS","Etiquetado de cajas y lineas: genera, imprime o integra una salida operativa para ""Etiqueta Caja Vina"".","2009-12-05 18:39:00GMT","&LinImpre() | &LinImpreb() | &CodigoFin | &Fechatx","","1369","1c05ab19af6661dd29d82e9001e3e26103c424d32cbe16bf80e2e4614798d54c","true","false","false","false","false","false","false","false","false","REPORT_SERVICE","PENDING_ANALYSIS"
"Eti_CV_Normal","Etiqueta Caja Vina","ETIQUETAS","Etiquetado de cajas y lineas: genera, imprime o integra una salida operativa para ""Etiqueta Caja Vina"".","2011-11-12 22:16:30GMT","&LinImpre() | &LinImpreb() | &CodigoFin | &FecTx","","2291","0c1f27a239370638bb3bf18c8c062d43b2cbc5b1bd358c39fe52efba0fa3d777","true","false","false","false","false","false","false","false","false","REPORT_SERVICE","PENDING_ANALYSIS"
"Eti_CV_Normal14","Etiqueta Caja Vina","ETIQUETAS","Etiquetado de cajas y lineas: genera, imprime o integra una salida operativa para ""Etiqueta Caja Vina"".","2014-11-05 01:17:00GMT","&LinImpre() | &LinImpreb() | &CodigoFin | &FecTx","","3040","bba761d8bc6aaebe4280c6c3dd5b2834234b9fdf242ba85cc257240410cb5d92","true","false","false","false","false","false","false","false","false","REPORT_SERVICE","PENDING_ANALYSIS"
"Eti_CV_RioBlanco","Etiqueta Caja Vina","ETIQUETAS","Etiquetado de cajas y lineas: genera, imprime o integra una salida operativa para ""Etiqueta Caja Vina"".","2010-12-02 03:28:06GMT","&LinImpre() | &LinImpreb() | &CodigoFin | &Fechatx","","2170","ab2c267e6157fb701cb06b420ee74683acceec9f772db3e424c872360a3b362d","true","false","false","false","false","false","false","false","false","REPORT_SERVICE","PENDING_ANALYSIS"
"Eti_CV_VINA2016","Etiqueta Caja Vina","ETIQUETAS","Etiquetado de cajas y lineas: genera, imprime o integra una salida operativa para ""Etiqueta Caja Vina"".","2016-11-17 17:23:54GMT","&LinImpre() | &LinImpreb() | &CodigoFin | &FecTx","","2328","f87e690d33c18aa238c076ab4ac700648bf514e0548dd0b02f64931b8634e4a4","true","false","false","false","false","false","false","false","false","REPORT_SERVICE","PENDING_ANALYSIS"
"Eti_LineaVina","Etiqueta Linea Viña","ETIQUETAS","Etiquetado de cajas y lineas: genera, imprime o integra una salida operativa para ""Etiqueta Linea Viña"".","2009-11-14 15:35:44GMT","&Empcod | &Ndoc | &Env | &Cat | &Espe | &Calibre","TraeCor","1715","fffdb1b89a2e65076719716a7430192abc4f4e660620668f5f0f4bd433423b35","true","false","false","false","false","true","false","false","false","REPORT_SERVICE","PENDING_ANALYSIS"
"Eti_LineaVina14","Etiqueta Linea Viña","ETIQUETAS","Etiquetado de cajas y lineas: genera, imprime o integra una salida operativa para ""Etiqueta Linea Viña"".","2014-11-05 04:04:42GMT","&Empcod | &Ndoc | &Env | &Cat | &Espe | &Calibre | &Maq | &Lin | &Person","TraeCor","2105","2fba9de7e3c2ea61a5841ff8b298beb775bb1d3cb6538a8b973f540b3611df0b","true","false","false","false","false","true","false","false","false","REPORT_SERVICE","PENDING_ANALYSIS"
"Impi_Etiquetas","Etiqueta Caja Vina","ETIQUETAS","Etiquetado de cajas y lineas: genera, imprime o integra una salida operativa para ""Etiqueta Caja Vina"".","2016-11-03 17:32:56GMT","&Empcod | &Fecha | &Espe | &Varnom | &Calibre | &Env | &Cat | &Prod | &Codigo | &Confcod","Eti_CV_Normal14 | Eti_CV_Mexico | Eti_CV_China | Eti_CV_RioBlanco | Eti_CV_VINA2016","6593","31f7fa6c470fc0e649368fa990bba4b4cb668a714a77286aa05e9db40fe83b52","true","false","false","false","false","true","false","false","true","REPORT_SERVICE","PENDING_ANALYSIS"
"AnulaFactura","Anula Factura","Factura","Facturacion y documentos tributarios: anula, elimina o revierte registros asociados a ""Anula Factura"".","2011-11-23 20:32:18GMT","EmpCod | TempCod | FacNum | &FacEstado","DesmarcaPrefactura","183","0c79f78cdebefdb92e3b54a7e751d64a54d169c580f4336fad6d04dec4ae01f3","true","false","false","false","false","true","true","false","false","NODE_QUERY_SERVICE","PENDING_ANALYSIS"
"BusFactura","Bus Factura","Factura","Facturacion y documentos tributarios: crea, actualiza o registra datos para ""Bus Factura"".","2016-12-21 00:58:22GMT","EmpCod | FacNumI | &Sw | &FacTipDoc","","83","455de5ed93da3c3c76ce02c8547628eda654aa593c780755481e362457bbf575","true","false","false","false","false","true","false","false","false","NODE_QUERY_SERVICE","PENDING_ANALYSIS"
"CreaFactDetalle","Crea Fact Detalle","Factura","Facturacion y documentos tributarios: crea, actualiza o registra datos para ""Crea Fact Detalle"".","2011-11-28 05:07:12GMT","&Empcod | &Tempcod | &Facnum | &Fac1Corr | &Fac1Detalle1 | &Fac1Cant | &Fac1PUnit | &Fac1PunitUSD | &Fac1Total | &Fac1TotalUSD","","290","79104bb045ea3b9782bcd8a769ccd0c238e65c34a878dfc75e1642b04ba59e24","true","true","false","false","false","true","true","false","false","NODE_USE_CASE","PENDING_ANALYSIS"
"CreaFactura","Crea Factura","Factura","Facturacion y documentos tributarios: crea, actualiza o registra datos para ""Crea Factura"".","2016-12-21 19:46:52GMT","&EmpCod | &TempCod | &FEchaFact | &Clicod | &FacNum | &FacTotal | &FacTotalUSD | &FacObs1 | &FacObs2 | &Facemisor | &ForPaCod | &FacForPsigla | &MaeClauCod | &MaeClauSigla | &ModVenCod | &ModVenSigla | &MaeViaCod | &MaeViaDesc | &GuiNumPack | &FacTipDoc | &VMEVal","TraeCorrFactura | TraeParametro","795","fc55f938668f5768ca37c5718302657518abda22cba544c383a11cefdbe2d6b2","true","true","false","false","false","true","true","false","false","NODE_USE_CASE","PENDING_ANALYSIS"
"CreaPreFactura","Crea Pre Factura","Factura","Facturacion y documentos tributarios: crea, actualiza o registra datos para ""Crea Pre Factura"".","2011-11-28 04:36:24GMT","&Empcod | &Tempcod | &PSI_Login | &Fecha | &Calibre | &Espe | &Cajas | &Espenom | &Kilos | &envCod","","614","ea44a67ea5985b5d5d2b02afe9f52f91d83c3fbe2fa16bbc62ed6f7399700fff","true","true","false","false","false","true","true","false","false","NODE_USE_CASE","PENDING_ANALYSIS"
"DesmarcaPrefactura","Desmarca Prefactura","Factura","Facturacion y documentos tributarios: crea, actualiza o registra datos para ""Desmarca Prefactura"".","2011-11-23 20:32:08GMT","&Empcod | &TempCod | &GuiNFac | &Impresa | &Ndoc","","361","85675c67f8869842480efc930d270ad0045d27b0488c26653c142e2ef36e7be1","true","false","false","false","false","true","true","false","false","NODE_QUERY_SERVICE","PENDING_ANALYSIS"
"Imp_FactuANA","Factura Santa Ana","Factura","Facturacion y documentos tributarios: crea, actualiza o registra datos para ""Factura Santa Ana"".","2011-12-07 14:00:50GMT","&EmpCod | &TempCod | &FacNum | &REI | &Pesos","TraeCor | DesmarcaPrefactura | TraeParametro | TraeValorMoneda | MontoEscrito","1702","081d165bfb0eb056642d7ef1a8044279330943350214a4ff55e3c7b793cb4a29","true","false","false","false","false","true","true","false","false","NODE_QUERY_SERVICE","PENDING_ANALYSIS"
"Imp_FactuVINA","Factura la Vina","Factura","Facturacion y documentos tributarios: crea, actualiza o registra datos para ""Factura la Vina"".","2016-09-22 22:02:50GMT","&EmpCod | &TempCod | &FacNum | &REI | &Pesos","TraeCor | DesmarcaPrefactura | TraeParametro | TraeValorMoneda | MontoEscrito","1699","07dab289901902e26dc6296547fa01ed93edec49bd8eaa40ace5a6b9a327371f","true","false","false","false","false","true","true","false","false","NODE_QUERY_SERVICE","PENDING_ANALYSIS"
"MarcaPreFactura","Marca Pre Factura","Factura","Facturacion y documentos tributarios: crea, actualiza o registra datos para ""Marca Pre Factura"".","2011-11-23 19:51:44GMT","EmpCod | TempCod | GuiNumInt | &NInt | &NFac | &Tipo","","248","cbcd7327832d0933e7a9a52c3bd5a1024c9ab9a3d339750d92ecfb7743a13833","true","false","false","false","false","true","true","false","false","NODE_QUERY_SERVICE","PENDING_ANALYSIS"
"PImp_FacEXPXML","Factura Exportacion","Factura","Facturacion y documentos tributarios: crea, actualiza o registra datos para ""Factura Exportacion"".","2016-12-21 18:40:34GMT","&EmpCod | &TempCod | &FacNumI | &facnum | &REI | &Pesos | &swF | &FacTipDoc","TraeCor | DesmarcaPrefactura | TraeParametro","16613","8ead4fe7f4cdcf6058b7f2337119ae0e228614e96405a758674e5327e9655bde","true","false","false","false","false","true","true","true","true","REPORT_SERVICE","PENDING_ANALYSIS"
"PImp_FacXML","Xml efact","Factura","Facturacion y documentos tributarios: genera, imprime o integra una salida operativa para ""Xml efact"".","2016-12-21 12:49:18GMT","&EmpCod | &TempCod | &FacNumI | &facnum | &REI | &Pesos | &swF | &FacTipDoc","TraeCor | DesmarcaPrefactura","10407","e2a897d37dd6cf9684d56ec8668823e57a32a25d57d5a74fed82a1bae559a118","true","false","false","false","false","true","true","true","true","REPORT_SERVICE","PENDING_ANALYSIS"
"PImp_NCreditoEXPxml","Nota Credito Exportacion","Factura","Facturacion y documentos tributarios: genera, imprime o integra una salida operativa para ""Nota Credito Exportacion"".","2016-12-21 18:40:30GMT","&EmpCod | &TempCod | &FacNumI | &facnum | &REI | &Pesos | &swF | &FacTipDoc","TraeCor | DesmarcaPrefactura | TraeParametro","14517","fbbff1665237b471cab821ce3dac09c3e528558a629c80e9e32d92862c527e11","true","false","false","false","false","true","true","true","true","REPORT_SERVICE","PENDING_ANALYSIS"
"PImp_NCreditoxml","Nota Credito Nacional","Factura","Facturacion y documentos tributarios: genera, imprime o integra una salida operativa para ""Nota Credito Nacional"".","2016-12-18 15:30:34GMT","&EmpCod | &TempCod | &FacNumI | &facnum | &REI | &Pesos | &swF | &FacTipDoc","TraeCor | DesmarcaPrefactura | TraeParametro","14799","106f7183207db64f6835cfcc952a219905b9ab1665c7752174ee4d78cbaedf0f","true","false","false","false","false","true","true","true","true","REPORT_SERVICE","PENDING_ANALYSIS"
"PImp_NDebitoEXPxml","Nota Debito Exportacion","Factura","Facturacion y documentos tributarios: genera, imprime o integra una salida operativa para ""Nota Debito Exportacion"".","2016-12-20 17:16:38GMT","&EmpCod | &TempCod | &FacNumI | &facnum | &REI | &Pesos | &swF | &FacTipDoc","TraeCor | DesmarcaPrefactura | TraeParametro","15016","1fcc175dac52a57d77e2731670b2f1bc9987ee5c072419b6adc5dc40f2d0c8bb","true","false","false","false","false","true","true","true","true","REPORT_SERVICE","PENDING_ANALYSIS"
"PImp_NDebitoxml","Nota Debito Nacional","Factura","Facturacion y documentos tributarios: genera, imprime o integra una salida operativa para ""Nota Debito Nacional"".","2016-12-20 15:51:42GMT","&EmpCod | &TempCod | &FacNumI | &facnum | &REI | &Pesos | &swF | &FacTipDoc","TraeCor | DesmarcaPrefactura | TraeParametro","15106","832cbfc8c8f607ab8da7ae0fd7cb06be44ae620b28f6ac9936e638dccb50363e","true","false","false","false","false","true","true","true","true","REPORT_SERVICE","PENDING_ANALYSIS"
"SumaFact","Suma Fact","Factura","Facturacion y documentos tributarios: consulta, calcula o valida informacion para ""Suma Fact"".","2011-12-07 01:08:06GMT","","","108","6f1ac8d07cbaf3c39a99ee91eeafc7ab575572dcacd463b00144eac14d17b404","true","false","false","false","false","true","true","false","false","NODE_QUERY_SERVICE","PENDING_ANALYSIS"
"TraeCorrFactura","Trae Corr Factura","Factura","Facturacion y documentos tributarios: crea, actualiza o registra datos para ""Trae Corr Factura"".","2016-12-20 01:38:16GMT","EmpCod | TempCod | &Ndoc | &Fac1Corr | &Tipo | &FacTipDoc","","431","3d8bb87ec92cc020bd856a04f932c3665a89bc17a3e4e84cc4469858af994f89","true","false","false","false","false","true","true","false","false","NODE_QUERY_SERVICE","PENDING_ANALYSIS"
"TraePrecio","Trae Precio","Factura","Facturacion y documentos tributarios: consulta, calcula o valida informacion para ""Trae Precio"".","2011-11-28 04:49:24GMT","EmpCod | CliCod | Especod | Calibre | EnvCod | &Fecha | &MonCod | &LSPPrecioU","","217","6264726a0b3bd6ebbed8cc7db831b9aa353571407ebee89b4f93e75b400e9233","true","false","false","false","false","true","false","false","false","NODE_QUERY_SERVICE","PENDING_ANALYSIS"
"ExistenciaCom","Existencia Comercial","Fruta_Comercial","Gestion de fruta comercial: consulta, calcula o valida informacion para ""Existencia Comercial"".","2011-11-09 03:06:24GMT","&Empcod | &Tempcod | &Espe | &TotKilos","","229","881a3dbf16dea8b5318210bf879fb98f605dfd931fe92b060571e60415235c3d","true","false","false","false","false","true","true","false","false","NODE_QUERY_SERVICE","PENDING_ANALYSIS"
"ActuCorrGuia","Actu Corr Guia","Guias_Despacho","Guias de despacho: crea, actualiza o registra datos para ""Actu Corr Guia"".","2011-10-25 00:51:40GMT","&EmpCod | &GenCod | &Ndoc","","220","f93a69f52057d16d2284ba74758e6be2063cdbd0c736b02d6b2811dad3a26d4f","true","true","false","false","false","true","false","false","false","NODE_USE_CASE","PENDING_ANALYSIS"
"BuscaEmisor","Busca Emisor","Guias_Despacho","Guias de despacho: consulta, calcula o valida informacion para ""Busca Emisor"".","2011-11-28 04:03:50GMT","&Empcod | &Prodcod | &GuiEmisor","","195","69744bd45e4af9ed37253b504493e008f7e4193bdc2e47ade01b300f0ee2d585","true","false","false","false","false","true","false","false","false","NODE_QUERY_SERVICE","PENDING_ANALYSIS"
"BuscaEmisor2","Busca Emisor2","Guias_Despacho","Guias de despacho: consulta, calcula o valida informacion para ""Busca Emisor2"".","2011-12-02 03:28:06GMT","&Empcod | &Prodcod | &GuiEmisor","","195","69744bd45e4af9ed37253b504493e008f7e4193bdc2e47ade01b300f0ee2d585","true","false","false","false","false","true","false","false","false","NODE_QUERY_SERVICE","PENDING_ANALYSIS"
"BusGuia","Bus Guia","Guias_Despacho","Guias de despacho: consulta, calcula o valida informacion para ""Bus Guia"".","2011-11-17 21:44:04GMT","EmpCod | GuiNumLeg | GuiEmisor | &SW","","80","006e9161c6d4ce3e14e8f33d522971ddd1ebc5a215e7d2264e5b2ccb7f2fb1e7","true","false","false","false","false","true","false","false","false","NODE_QUERY_SERVICE","PENDING_ANALYSIS"
"CamEstGuia","Cam Est Guia","Guias_Despacho","Guias de despacho: apoya la operacion de ""Cam Est Guia"".","2010-12-06 02:49:04GMT","EmpCod | TempCod | GuiNumInt | &Estado","","67","06bbafcf0ee847a90f370d1d14346b99a390c14161bf188c84609103429e496b","true","false","false","false","false","true","true","false","false","NODE_QUERY_SERVICE","PENDING_ANALYSIS"
"CopiaGuia","Copia Guia","Guias_Despacho","Guias de despacho: apoya la operacion de ""Copia Guia"".","2010-12-06 02:56:14GMT","&empcod | &tempcod | &Login | &GuiNumInt","TraeCorrGuia","1277","743999de5707f97af49aecea743da8ffc0013b0b744638950183555f24986a2a","true","true","false","false","false","true","true","false","false","NODE_USE_CASE","PENDING_ANALYSIS"
"CreaGuias_Origen","Crea Guia de Clientes Pallet","Guias_Despacho","Guias de despacho: crea, actualiza o registra datos para ""Crea Guia de Clientes Pallet"".","2016-11-19 15:30:40GMT","&Empcod | &Tempcod | &packnumI | &NPlani | &Fecha | &Clicod | &Login | &GuiNumInt | &Tipo","Eli_PS_InfG001 | BusIDDespa | BuscaEmisor | SumDetGuia | TraeParametro | TraeCorrGuia","7271","d160cf87f3fbbb391538877412bb21a9492735a6ea1adf99ecc705a3abbec747","true","true","false","false","false","true","true","true","false","NODE_USE_CASE","PENDING_ANALYSIS"
"CreaGuias_OriTB","Crea Guias origen Trebol","Guias_Despacho","Guias de despacho: crea, actualiza o registra datos para ""Crea Guias origen Trebol"".","2011-12-02 19:44:50GMT","&Empcod | &Tempcod | &packnumI | &NPlani | &Fecha | &Clicod | &Login | &GuiNumInt | &Tipo","Eli_PS_InfG001 | BusIDDespa | SumDetGuia | TraeParametro | TraeCorrGuia","3963","28a61f3af368f760883a071c901245fc6abfceeaf01bac39c65506b84b37c670","true","true","false","false","false","true","true","true","false","NODE_USE_CASE","PENDING_ANALYSIS"
"CreaGuias_OT","Crea Guia de Clientes Pallet","Guias_Despacho","Guias de despacho: crea, actualiza o registra datos para ""Crea Guia de Clientes Pallet"".","2011-11-29 03:13:48GMT","&Empcod | &Tempcod | &packnumI | &DesOTNumI | &Fecha | &Clicod | &Login | &GuiNumInt","Eli_PS_InfG001 | SumDetGuia | TraeParametro | TraeCorrGuia | BuscaEmisor","4661","6b49491f1dd2112eab2318b59604d4ca557622f1cd370e64df040df1ec227f94","true","true","false","false","false","true","true","true","false","NODE_USE_CASE","PENDING_ANALYSIS"
"CreaGuias_OTTB","Crea Guias el TREBOL","Guias_Despacho","Guias de despacho: crea, actualiza o registra datos para ""Crea Guias el TREBOL"".","2011-12-02 03:35:56GMT","&Empcod | &Tempcod | &packnumI | &DesOTNumI | &Fecha | &Clicod | &Login | &GuiNumInt","Eli_PS_InfG001 | SumDetGuia | TraeParametro | TraeCorrGuia","4721","0cf061a4a8dab32a1d5d323d9fc77d172b7172a267eb5820dff434c260f4f778","true","true","false","false","false","true","true","true","false","NODE_USE_CASE","PENDING_ANALYSIS"
"GuiaD_Trebol01","Guia Trebol01","Guias_Despacho","Guias de despacho: apoya la operacion de ""Guia Trebol01"".","2012-01-05 17:35:20GMT","&empcod | &tempcod | &GuiNumInt | &Empcod2 | &Tx05 | &ParFijo","TraeCor | TraeParametro","3541","82e0fcc205ab42be9a562b9b36e87e3b55838465df08bd541dab545c03125aaa","true","false","false","false","false","true","true","false","false","NODE_QUERY_SERVICE","PENDING_ANALYSIS"
"GuiaD_vina01","Guia de Despacho 01","Guias_Despacho","Guias de despacho: apoya la operacion de ""Guia de Despacho 01"".","2016-11-18 00:02:14GMT","&empcod | &tempcod | &GuiNumInt | &Empcod2 | &Tx05 | &ParFijo","TraeCor | TraeParametro","2384","faeb853b6a0ffd2d5f42d58392ca8c94e9b3c2b2a0930812c6feeab826ac86b0","true","false","false","false","false","true","true","false","false","NODE_QUERY_SERVICE","PENDING_ANALYSIS"
"GuiaDCli_FC_LV","Guia Despacho Clientes Fruta Comercial","Guias_Despacho","Guias de despacho: apoya la operacion de ""Guia Despacho Clientes Fruta Comercial"".","2016-11-18 00:13:08GMT","&Empcod | &Tempcod | &DesOTNumI | &GuiNumInt","TraeParametro | TraeCorrGuia | SumDetGuia","1617","f310ce8c6fcdb90ab9e4ade3cff50c5606bc10f056e3e9c57de8522c9e2e6eca","true","true","false","false","false","true","true","true","false","NODE_USE_CASE","PENDING_ANALYSIS"
"GuiaOrigen_LV","Guia Origen_ LV","Guias_Despacho","Guias de despacho: apoya la operacion de ""Guia Origen_ LV"".","2011-11-20 04:36:54GMT","&Empcod | &Tempcod | &Tipo | &NPlani | &packnumi | &Fecha | &Login | &GuiDesde | &GuiHasta | &Clicod | &GuiNumInt","TraeParametro | TraeCorrGuia | BusIDDespa | SumDetGuia","2204","3e781fbd926d3caff3fe6a004d5f3953252836628cd3128688a374990e3fd0ba","true","true","false","false","false","true","true","true","false","NODE_USE_CASE","PENDING_ANALYSIS"
"GuiaOrigen_LVCal","Guia Origen_ LVCal","Guias_Despacho","Guias de despacho: apoya la operacion de ""Guia Origen_ LVCal"".","2011-11-27 23:47:06GMT","&Empcod | &Tempcod | &Tipo | &NPlani | &packnumi | &Fecha | &Login | &GuiDesde | &GuiHasta | &Clicod | &GuiNumInt","TraeParametro | TraeCorrGuia | BusIDDespa | SumDetGuia","2278","bf00e2d26f25fdf9b0b207dcc4dad1df3828ade3a83adab14bcbcacae9a6f894","true","true","false","false","false","true","true","true","false","NODE_USE_CASE","PENDING_ANALYSIS"
"PImp_GuiaXML","Xml Eguia","Guias_Despacho","Guias de despacho: genera, imprime o integra una salida operativa para ""Xml Eguia"".","2016-12-29 15:33:54GMT","&EmpCod | &TempCod | &GuiNumInt | &guinumleg | &EmpCod2 | &swF","TraeCor | TraeParametro","19899","73806ab79b6e0b605f92a4da083665392c9c44ed9082d2f4e3bc8336473eb219","true","false","false","false","false","true","true","true","true","REPORT_SERVICE","PENDING_ANALYSIS"
"REIGuiaD_vina01","Guia de Despacho 01","Guias_Despacho","Guias de despacho: apoya la operacion de ""Guia de Despacho 01"".","2011-11-28 03:49:22GMT","&empcod | &tempcod | &GuiNumInt | &Empcod2 | &Tx05 | &ParFijo","TraeParametro","921","c8622cc0fdf219f0a4d8b1285eead871cc7fae92a40f18af4c821b728afb686e","true","false","false","false","false","true","true","false","false","NODE_QUERY_SERVICE","PENDING_ANALYSIS"
"SumDetGuia","Sum Det Guia","Guias_Despacho","Guias de despacho: apoya la operacion de ""Sum Det Guia"".","2011-11-23 01:02:58GMT","&Empcod | &Tempcod | &GuiNumInt","","425","67700521b7e84119cd479b6153394a9606b8b90e04b1a4de4c4d0e793a87a180","true","false","false","false","false","true","true","false","false","NODE_QUERY_SERVICE","PENDING_ANALYSIS"
"TraeCorrGuia","Trae Corr Guia","Guias_Despacho","Guias de despacho: consulta, calcula o valida informacion para ""Trae Corr Guia"".","2010-12-06 01:59:24GMT","EmpCod | TempCod | &Ndoc | &Gui1Corr | &Tipo","","288","b3a725adffa302f5c0b2cbfdf88f01e0f2297d9638440dd9422794f431c98fec","true","false","false","false","false","true","true","false","false","NODE_QUERY_SERVICE","PENDING_ANALYSIS"
"TraenomEmisor","Traenom Emisor","Guias_Despacho","Guias de despacho: consulta, calcula o valida informacion para ""Traenom Emisor"".","2011-10-24 03:22:10GMT","EmpCod | &empnom","","49","09eb5e6efcbf90adb318b4a5acfd6f959a9f449ee51208f8c9db3dbb4db313de","true","false","false","false","false","true","false","false","false","NODE_QUERY_SERVICE","PENDING_ANALYSIS"
"AgrCeros","Agr Ceros","Ingreso_de_Folios","Ingreso y control de folios: apoya la operacion de ""Agr Ceros"".","2005-07-29 18:50:40GMT","&Largo | &Folio","","89","51f3eb5e72ab439771dc43fb30ee0d1ff92dca63f90594c9afb8354a3ada533b","true","false","false","false","false","false","false","false","false","SHARED_UTILITY","PENDING_ANALYSIS"
"AnulaRepa_FR","Anula Repa_ FR","Ingreso_de_Folios","Ingreso y control de folios: anula, elimina o revierte registros asociados a ""Anula Repa_ FR"".","2009-01-07 18:46:36GMT","&Empcod | &Tempcod | &Repnum","","2305","5e996d1f2829c7ab599a7eb0959efa155d0f5d6386057653c211f3a37c8b9d6f","true","false","true","false","true","true","true","false","true","NODE_USE_CASE","PENDING_ANALYSIS"
"CreaRF0","Crea Rep Folios 0","Ingreso_de_Folios","Ingreso y control de folios: crea, actualiza o registra datos para ""Crea Rep Folios 0"".","2008-02-20 16:23:54GMT","&Empcod | &tempcod | &Repnum | &fecha | &Login | &Feccrea","TraeCor","274","7fd4179e899884361f3de9fe1516d5cb9a12099dfd3eea4f14e5814763bbc332","true","true","false","false","false","true","true","false","false","NODE_USE_CASE","PENDING_ANALYSIS"
"FormatoCargaFol","Formato Carga Folios","Ingreso_de_Folios","Ingreso y control de folios: genera, imprime o integra una salida operativa para ""Formato Carga Folios"".","2014-01-29 13:15:10GMT","","","760","da440e0f74065c4a79f70d48dd03fe00741828d0e259f3337a2a005205fe60c7","true","false","false","false","false","false","false","false","true","SHARED_UTILITY","PENDING_ANALYSIS"
"GRepAgrega1_RF","Agregar Folios S/I","Ingreso_de_Folios","Ingreso y control de folios: crea, actualiza o registra datos para ""Agregar Folios S/I"".","2008-02-25 21:43:36GMT","&Empcod | &Tempcod | &PSR_Login | &Repnum | &Corr | &Folio | &Prod | &Espe | &Codvar | &Env | &Cat | &Calibre | &Cajas | &CajasI | &CajasR | &Nsol | &REP0Calt | &REP0CBase | &TetCod | &Expcod","","1823","9b4f6bdfd522060a9612d0a0daf9ad655d356c5286865a93aacc1b138b8120bb","true","true","false","false","true","true","true","false","true","NODE_USE_CASE","PENDING_ANALYSIS"
"GRepBaja2_FR2","GRep Baja2_ FR2","Ingreso_de_Folios","Ingreso y control de folios: anula, elimina o revierte registros asociados a ""GRep Baja2_ FR2"".","2009-01-07 18:10:22GMT","&Empcod | &Tempcod | &PSR_Login | &Repnum | &Corr | &Folio | &Prod | &Espe | &Codvar | &Env | &Cat | &Calibre | &Cajas | &CajasI | &CajasR | &REP0Calt | &REP0CBase | &Expcod","","2172","00fe6dd5f6b310bef9734d18ad3233097de0db5c1b3d87bea5ab826cbcf754a8","true","true","false","false","false","true","true","false","false","NODE_USE_CASE","PENDING_ANALYSIS"
"RepEliFol_FR","Elimina folio de repaletizaje","Ingreso_de_Folios","Ingreso y control de folios: anula, elimina o revierte registros asociados a ""Elimina folio de repaletizaje"".","2008-02-20 16:34:58GMT","&Empcod | &Tempcod | &PSR_Login | &Repnum | &folio | &swErr","","1606","a3d3b1dd1dffa6b11e26809ba58a473e9379f7e7c3d4389ae65c40b2d7a48152","true","false","true","true","true","true","true","false","false","NODE_USE_CASE","PENDING_ANALYSIS"
"SubeFoliosExcel","Sube Folios Excel","Ingreso_de_Folios","Ingreso y control de folios: crea, actualiza o registra datos para ""Sube Folios Excel"".","2015-01-28 22:33:42GMT","&Empcod | &TempCod","gxSelFile | RErrores | VeriFolio | TraeCorFolio","5047","78154b68708f705bfdf6e9dc898a0832c011b73ee9af4ad543165e9e9527faf7","true","true","false","false","false","true","true","false","true","INTEGRATION_OR_REPORT_SERVICE","PENDING_ANALYSIS"
"SumaCajaFol","Suma Caja Folios","Ingreso_de_Folios","Ingreso y control de folios: consulta, calcula o valida informacion para ""Suma Caja Folios"".","2014-01-22 18:22:28GMT","EmpCod | TempCod | FPFolio | FP2NProc | &Cajas | &Kilos","","125","55801c4d1aaf64a6ba4b95d68a68ed743dbec61392b5739458e80f6e1683b07e","true","false","false","false","false","true","true","false","false","NODE_QUERY_SERVICE","PENDING_ANALYSIS"
"TraeCorFolio","Trae Correlativo Folio Procesado","Ingreso_de_Folios","Ingreso y control de folios: consulta, calcula o valida informacion para ""Trae Correlativo Folio Procesado"".","2007-05-11 19:15:56GMT","&empcod | &tempcod | &Folio | &Nproc | &Corr","","222","f8a90335f47bf5f97314a5382ed93e7276dc06dce464eca01c2ade4ffececa74","true","false","false","false","false","true","true","false","false","NODE_QUERY_SERVICE","PENDING_ANALYSIS"
"TraeDatosLote","Trae Datos Lote","Ingreso_de_Folios","Ingreso y control de folios: consulta, calcula o valida informacion para ""Trae Datos Lote"".","2005-12-01 21:42:28GMT","&empcod | &nlote | &Fecha | &Export | &Prod | &Espe | &Varcod","","257","2a5ce48df1ba7fbc79041066246f890909fc40463f09721091a470a331a5cc6b","true","false","false","false","false","true","false","false","false","NODE_QUERY_SERVICE","PENDING_ANALYSIS"
"VeriFolio","Trae Correlativo Folio Procesado","Ingreso_de_Folios","Ingreso y control de folios: consulta, calcula o valida informacion para ""Trae Correlativo Folio Procesado"".","2007-05-11 19:18:42GMT","&empcod | &tempcod | &Folio | &Nproc | &Fecha | &Espe | &Var | &Prod | &env | &Cat | &Calibre | &Sw","","412","f9bb451300e6f7a05f873b3fdd47b9b9ef2ef44b01bef68a2753b837ac692be7","true","false","false","false","false","true","true","false","false","NODE_QUERY_SERVICE","PENDING_ANALYSIS"
"VeriFolioCuar","Trae Correlativo Folio Procesado","Ingreso_de_Folios","Ingreso y control de folios: consulta, calcula o valida informacion para ""Trae Correlativo Folio Procesado"".","2011-02-08 17:55:14GMT","&empcod | &tempcod | &Folio | &Nproc | &Fecha | &Espe | &Var | &Prod | &cuarcod | &env | &Cat | &Calibre | &Sw","","449","fe88c0dbbed685f5142e0c05bcee332e33a0680a932734678e19b09384b9733f","true","false","false","false","false","true","true","false","false","NODE_QUERY_SERVICE","PENDING_ANALYSIS"
"CreaDetMovFrut1","Crea Det Mov Frut1","Ingresos","Recepcion e ingresos de fruta: crea, actualiza o registra datos para ""Crea Det Mov Frut1"".","2014-11-04 00:14:58GMT","&EmpCod | &TempCod | &OriCod | &MovTDoc | &MovNGuia | &MovProd | &Mov1Cuar | &Mov1Espe | &Mov1Var | &Mov1TEnv | &Mov1Condi | &Mov1NumE | &Mov1KilB | &Mov1Fecha | &Mov1Nlote","TraePeso | TraeCor","1630","518384d595dd4d14ab22b6db646853da5f28b8f29d2f5f8e6ac590e47e723bad","true","true","false","false","false","true","true","false","true","NODE_USE_CASE","PENDING_ANALYSIS"
"EliLinIng","Elimina Linea de Ingreso","Ingresos","Recepcion e ingresos de fruta: anula, elimina o revierte registros asociados a ""Elimina Linea de Ingreso"".","2005-11-16 19:51:48GMT","EmpCod | OriCod | MovTDoc | MovNGuia | MovProd | MovFecha | Mov1Cuar | Mov1Espe | Mov1Var | Mov1TEnv | Mov1Condi","","158","391301990c3e3517abd9956e61faaf6afecbca2ed9d4a7a215b5a91581aa785f","true","false","true","false","false","true","false","false","false","NODE_USE_CASE","PENDING_ANALYSIS"
"SumDetRecep","Suma Detalle Recepcion","Ingresos","Recepcion e ingresos de fruta: consulta, calcula o valida informacion para ""Suma Detalle Recepcion"".","2012-12-07 01:04:58GMT","EmpCod | TempCod | OriCod | MovTDoc | MovNGuia | MovProd","","373","a9c4e8d8a10548b4d029fadb2c701f3591f9a2e03b1ee115856c3b45dcc82671","true","false","false","false","false","true","true","false","false","NODE_QUERY_SERVICE","PENDING_ANALYSIS"
"TraeNomProductor","Trae Nom Productor","Ingresos","Recepcion e ingresos de fruta: consulta, calcula o valida informacion para ""Trae Nom Productor"".","2014-11-02 23:23:22GMT","EmpCod | ProdCod | &Prodnom","","72","fd82a047414e1c23b14dbe80a64d66612ef2b541a0b2d7ed4221b6a719546e1c","true","false","false","false","false","true","false","false","false","NODE_QUERY_SERVICE","PENDING_ANALYSIS"
"TraePeso","TraePeso","Ingresos","Recepcion e ingresos de fruta: consulta, calcula o valida informacion para ""TraePeso"".","2005-11-16 19:52:06GMT","EmpCod | EnvCod | &envPeso | &Envdestare","","102","69fe803aa47800c921cc95c3eee42069b32df62c2b50488f26ceca5fa7b975a0","true","false","false","false","false","true","false","false","false","NODE_QUERY_SERVICE","PENDING_ANALYSIS"
"TraePesoB","TraePeso","Ingresos","Recepcion e ingresos de fruta: consulta, calcula o valida informacion para ""TraePeso"".","2016-11-14 17:48:28GMT","EmpCod | EnvCod | &envPeso | &Envpesob","","98","98dbb2616916ab6b6a1341f93c2f3f1bd318a15f18eeeeeafac61573cb8fb143","true","false","false","false","false","true","false","false","false","NODE_QUERY_SERVICE","PENDING_ANALYSIS"
"ArchiINS","Archivo Inspeccion","Inspecciones","Inspecciones y solicitudes: crea, actualiza o registra datos para ""Archivo Inspeccion"".","2012-12-07 00:04:30GMT","&empcod | &tempcod | &Solnum | &Selected","TraeParametro | TraeNumSolInt | TraeCodEspe","2045","ac55a64293924ea6a0c96dd373cbc6754ed4751ede58a1181d4c79c100a1a136","true","false","false","false","false","true","true","false","true","INTEGRATION_OR_REPORT_SERVICE","PENDING_ANALYSIS"
"BajaFolios","Baja Folios","Inspecciones","Inspecciones y solicitudes: anula, elimina o revierte registros asociados a ""Baja Folios"".","2011-02-26 01:38:04GMT","&empcod | &Tempcod | &solnum | &Sol2Folio | &Cajas | &Kilos","","2860","900ab74009a51812eb3a72a3306b5296979e05027f94c71775888fc79b887f28","true","true","false","true","false","true","true","false","false","NODE_USE_CASE","PENDING_ANALYSIS"
"CopiadeSolicit02","Detalle Solicitud","Inspecciones","Inspecciones y solicitudes: apoya la operacion de ""Detalle Solicitud"".","2008-01-29 02:37:06GMT","&empcod | &Tempcod | &SOLNUM | &SOLFECHA | &SOLNESPE","","528","8b6e5838266b4d9b78a30c0b27b83f60f935d14fff386e254a97a1a0d1201e9e","true","false","false","false","false","true","true","false","false","NODE_QUERY_SERVICE","PENDING_ANALYSIS"
"DelLineaSol","Del Linea Sol","Inspecciones","Inspecciones y solicitudes: anula, elimina o revierte registros asociados a ""Del Linea Sol"".","2005-08-30 19:16:28GMT","&solnum | &Sol2Folio","","101","123d024b16f3bd99ebae88e719eb04218aed9e033c80d460d2e780e039722c3b","true","false","false","false","false","false","false","false","false","NODE_QUERY_SERVICE","PENDING_ANALYSIS"
"EliFolIns","Elimina Folios Inspeccionados","Inspecciones","Inspecciones y solicitudes: anula, elimina o revierte registros asociados a ""Elimina Folios Inspeccionados"".","2007-12-17 18:47:06GMT","&empcod | &tempcod | &SolNum | &Sol2Folio","","1288","c56c16241215e941e69606d5cebfff548eabcfb057c04b3c1244aa376ed5a61e","true","false","true","true","false","true","true","false","true","NODE_USE_CASE","PENDING_ANALYSIS"
"EstadoAnu","Estado Anu","Inspecciones","Inspecciones y solicitudes: consulta, calcula o valida informacion para ""Estado Anu"".","2008-01-21 23:36:20GMT","&empcod | &tempcod | &solnum","","156","014f1f5ebbaf84123336bbaf17b1daea6b19844b025ba69ad7fa40b6110d7a33","true","false","false","false","false","true","true","false","false","NODE_QUERY_SERVICE","PENDING_ANALYSIS"
"EstadoLineaSol","Estado Linea Sol","Inspecciones","Inspecciones y solicitudes: consulta, calcula o valida informacion para ""Estado Linea Sol"".","2005-08-30 19:44:54GMT","&solnum | &Sol2Folio | &Estado | &ins","","113","9646416ee4a7a84c931412e77d85389000f5c33901c0d057c9d81f9a823805c7","true","false","false","false","false","false","false","false","false","NODE_QUERY_SERVICE","PENDING_ANALYSIS"
"EstadoSol","Estado Sol","Inspecciones","Inspecciones y solicitudes: consulta, calcula o valida informacion para ""Estado Sol"".","2010-05-14 14:47:20GMT","&empcod | &tempcod | &solnum | &solestado | &Login","","1546","55f02836ed67b0ee8f228f17c799d2656354457e15dc385f87d7971cfb2eda7d","true","false","true","true","false","true","true","false","true","NODE_USE_CASE","PENDING_ANALYSIS"
"RangoCajas","Rango Cajas","Inspecciones","Inspecciones y solicitudes: consulta, calcula o valida informacion para ""Rango Cajas"".","2007-05-11 20:37:50GMT","&empcod | &Tempcod | &solnum | &CajasA | &CajasB | &CajasC","","766","d64311fd77e2c739507b115b01612c34a90c8f718e80e78f473e5ca2a0f0615a","true","false","false","false","false","true","true","false","false","NODE_QUERY_SERVICE","PENDING_ANALYSIS"
"Solicit01","Caratula de Solicitud","Inspecciones","Inspecciones y solicitudes: apoya la operacion de ""Caratula de Solicitud"".","2012-11-12 23:22:20GMT","&empcod | &Tempcod | &Solnum | &login","","1915","f63e9448c4fb86128b977222daa4cf7f32da18dbac4cbf6606841596230d1cfa","true","true","true","false","false","true","true","false","false","NODE_USE_CASE","PENDING_ANALYSIS"
"Solicit01CU","Caratula Solicitud - Cuarteles","Inspecciones","Inspecciones y solicitudes: apoya la operacion de ""Caratula Solicitud - Cuarteles"".","2011-02-26 01:46:34GMT","&empcod | &Tempcod | &Solnum | &login","","2479","ceceab0363bc677a207106f2548b0ffea856c8104d50bf5c0c4ec408e540721e","true","true","true","false","false","true","true","false","false","NODE_USE_CASE","PENDING_ANALYSIS"
"Solicit02","Detalle Solicitud","Inspecciones","Inspecciones y solicitudes: apoya la operacion de ""Detalle Solicitud"".","2012-11-16 14:20:10GMT","&empcod | &Tempcod | &SOLNUM | &Solnumi | &SOLFECHA | &SOLNESPE","TraeNumSolInt | TraeSDP","950","500c50bdc5f980b99b65b1e698ca10a31479f1d9b320d2d3d19ee22ae1eff0dd","true","false","false","false","false","true","true","false","false","NODE_QUERY_SERVICE","PENDING_ANALYSIS"
"Solicit03","Detalle Solicitud","Inspecciones","Inspecciones y solicitudes: apoya la operacion de ""Detalle Solicitud"".","2009-01-07 17:27:18GMT","&empcod | &Tempcod | &SOLNUM | &SOLFECHA | &SOLNESPE","","855","26ee9d9a885489732485dd54c6adba86d3a874b553488e1bb4c778fea2548d64","true","false","false","false","false","true","true","false","false","NODE_QUERY_SERVICE","PENDING_ANALYSIS"
"SolicitCU","Detalle Solicitud - Cuarteles","Inspecciones","Inspecciones y solicitudes: apoya la operacion de ""Detalle Solicitud - Cuarteles"".","2011-02-26 01:44:02GMT","&empcod | &Tempcod | &SOLNUM | &Solnumi | &SOLFECHA | &SOLNESPE","","1122","484c1e28fa352cade76abea0f8f1ee8cac7fd0db31612f0dc13b2287a2bfb1b8","true","false","false","false","false","true","true","false","false","NODE_QUERY_SERVICE","PENDING_ANALYSIS"
"TraeCorrSol","Trae Correlativo Solicitud","Inspecciones","Inspecciones y solicitudes: consulta, calcula o valida informacion para ""Trae Correlativo Solicitud"".","2007-05-03 19:06:30GMT","","","180","163905e621cd5397e90045bb5f47ea1513c9843d9f0cbaf8a0bef9fa8d35b837","true","false","false","false","false","true","false","false","false","NODE_QUERY_SERVICE","PENDING_ANALYSIS"
"TraeDatosFolio","Trae Datos Folio","Inspecciones","Inspecciones y solicitudes: consulta, calcula o valida informacion para ""Trae Datos Folio"".","2005-11-18 16:58:52GMT","&empcod | &Folio | &Espe | &Var | &Cajas | &Kilos | &EspeSol | &Swe","","605","792a19f08028fef1179ab185b0068650e5f7c632352b981a153e7505de443ede","true","false","false","false","false","true","false","false","false","NODE_QUERY_SERVICE","PENDING_ANALYSIS"
"TraeNumSol","Trae Numero Solicitud","Inspecciones","Inspecciones y solicitudes: consulta, calcula o valida informacion para ""Trae Numero Solicitud"".","2011-01-14 14:11:28GMT","in:&empcod | in:&Tempcod | out:&Solnum | in: &solnumI","","150","623c3d72b056c7fac470eb01b179c27ede7215b8be0d1a270ad6bfe90f587c85","true","false","false","false","false","true","true","false","false","NODE_QUERY_SERVICE","PENDING_ANALYSIS"
"TraeNumSolInt","Trae Numero Solicitud","Inspecciones","Inspecciones y solicitudes: consulta, calcula o valida informacion para ""Trae Numero Solicitud"".","2010-12-14 12:38:16GMT","&empcod | &Tempcod | &solnum | &Solnumi","","150","0faa8fa215625ada434dbfb60ccc4d3dcf2e04b6730e59cc2df41de760e8f8fd","true","false","false","false","false","true","true","false","false","NODE_QUERY_SERVICE","PENDING_ANALYSIS"
"ArchiINT","Archivo Interplanta","Interplanta","Movimientos interplanta: genera, imprime o integra una salida operativa para ""Archivo Interplanta"".","2012-12-07 00:05:24GMT","&empcod | &tempcod | &Solnum","TraeParametro | TraeNumSolInt | gxSelDir | TraeCodEspe","2020","f1c2fb2839f199e69d57da61e635c2ce791510ffd1617a0cf4d9c70646f473de","true","false","false","false","false","true","true","false","true","INTEGRATION_OR_REPORT_SERVICE","PENDING_ANALYSIS"
"RptCajaXLinea","cajas por linea","LecturaCajas","Lectura de cajas: apoya la operacion de ""cajas por linea"".","2015-11-15 18:47:56GMT","&empcod | &tempcod","","673","69404179716e19c227afbb63275e26154824821eca80d7f7658907367197e49b","true","false","false","false","false","true","true","true","false","REPORT_SERVICE","PENDING_ANALYSIS"
"GrabaMon","GrabaMon","Maestros","Maestros y parametros del sistema: crea, actualiza o registra datos para ""GrabaMon"".","2004-03-02 14:48:58GMT","&MonCod | &VMEFec | &VMEVal","","95","79086039f810df572767772fda3fddf25d74fd20b54009628f1e323f0e9e749a","true","true","false","false","false","false","false","false","false","NODE_USE_CASE","PENDING_ANALYSIS"
"TraeParametro","Trae Parametro","Maestros","Maestros y parametros del sistema: consulta, calcula o valida informacion para ""Trae Parametro"".","2015-01-22 02:58:58GMT","&Gecodemp | &PARCod | &PAR1Cod | &PAR1Valor1 | &PAR1Valor2 | &PAR1Valor3 | &Par1Texto | &SW","","417","f0e68700e76c0dd03028d050f29c1bf91ec100704d426f1e5a00dc54c989d0a7","true","false","false","false","false","true","false","false","true","NODE_QUERY_SERVICE","PENDING_ANALYSIS"
"TraeParametro2","Trae Parametro2","Maestros","Maestros y parametros del sistema: consulta, calcula o valida informacion para ""Trae Parametro2"".","2012-12-10 21:54:04GMT","&Gecodemp | &PARCod | &PAR1Cod | &PAR1Valor1 | &PAR1Valor2 | &PAR1Valor3 | &Par1Texto | &SW","","328","d094f824e4d24495b0eed8819cccdbad1e4ea1ec666bbb50e7dbf1ad0fe2153b","true","false","false","false","false","true","false","false","false","NODE_QUERY_SERVICE","PENDING_ANALYSIS"
"TraeSDP","Trae SDP","Maestros","Maestros y parametros del sistema: consulta, calcula o valida informacion para ""Trae SDP"".","2012-11-12 03:42:48GMT","&Empcod | &Prodcod | &ProdCodSAG","","128","a9c4a4734d208485e1e2f7a392ac8814e6a981c15f18ce9c9f5650e57136c5a6","true","false","false","false","false","true","false","false","false","NODE_QUERY_SERVICE","PENDING_ANALYSIS"
"TraeValorMoneda","Trae Valor Moneda","Maestros","Maestros y parametros del sistema: consulta, calcula o valida informacion para ""Trae Valor Moneda"".","2011-11-27 20:47:40GMT","&Fecha | &Moncod | &VMEVal","","114","a0acd17947c628cb14f7caac5c3c0d203de88f1b71139326e286f473a3b62ce6","true","false","false","false","false","false","false","false","false","NODE_QUERY_SERVICE","PENDING_ANALYSIS"
"Iniciar","Iniciar","Menus","Navegacion de la aplicacion: apoya la operacion de ""Iniciar"".","2004-06-17 16:38:06GMT","","","11","8c5f4a6661e132095a6303b57711b4e76721c1e0ba8056b48cacdceff81e6a65","true","false","false","false","false","false","false","false","false","SHARED_UTILITY","PENDING_ANALYSIS"
"ArchiMP","Archi Despacho","Multipuerto","Despachos multipuerto: genera, imprime o integra una salida operativa para ""Archi Despacho"".","2012-11-12 02:07:18GMT","&empcod | &Login | &tempcod | &DorNum | &DornumF","gxSelDir | GenComu","4638","bab8263d3204dec8c8d0e7611d2f91f704e2521b0755669f9e8dd7541141865e","true","false","false","false","false","true","true","false","true","INTEGRATION_OR_REPORT_SERVICE","PENDING_ANALYSIS"
"BuscaDatMP","Busca Dat MP","Multipuerto","Despachos multipuerto: consulta, calcula o valida informacion para ""Busca Dat MP"".","2012-01-28 13:46:36GMT","&Empcod | &Tempcod | &DMPPlani | &Sw","","113","c22ef45915c564c983a09db6d8ff4e5ddf1393088a386fa688f63db57681a2aa","true","false","false","false","false","true","true","false","false","NODE_QUERY_SERVICE","PENDING_ANALYSIS"
"CreaDatMP","Crea Dat MP","Multipuerto","Despachos multipuerto: crea, actualiza o registra datos para ""Crea Dat MP"".","2012-01-28 13:46:56GMT","&Empcod | &Tempcod | &DMPPlani","","77","6b31d572121b4bc069ce2f91f9d2790b7085daed02046be8fe437258fdaf2f1c","true","true","false","false","false","true","true","false","false","NODE_USE_CASE","PENDING_ANALYSIS"
"GenComu","Genera Comunas","Multipuerto","Despachos multipuerto: crea, actualiza o registra datos para ""Genera Comunas"".","2012-01-05 15:43:04GMT","&Empcod | &Tempcod | &Login | &DorTipPlani | &DORNum | &Espe | &Env | &Comunas | &C","Eli_PS_InfG001 | InsComunas","1136","4914abb9d1016f180b93d618ec2824967d0cf874c5de3e021df6847c9c6890f7","true","false","false","false","false","true","true","false","false","NODE_QUERY_SERVICE","PENDING_ANALYSIS"
"AsigEtiquetas","Asigna Etiquetas","Orden_Proceso","Ordenes de proceso y lotes: crea, actualiza o registra datos para ""Asigna Etiquetas"".","2011-11-17 02:55:30GMT","&Empcod | &Tempcod | &Ordpnum | &GETxCCodigo","","337","c8c0739a4ad0d928f6bfb01218d4354f653f03d57cc7cbfb7c0ee1008df784fa","true","true","false","false","false","true","true","false","false","NODE_USE_CASE","PENDING_ANALYSIS"
"Buscaguia","Buscaguia","Orden_Proceso","Ordenes de proceso y lotes: consulta, calcula o valida informacion para ""Buscaguia"".","2011-11-22 11:55:30GMT","&empcod | &GuiNumLeg | &GuiEstado","","162","04e4c4279380eed2c6b2fe020a3c7692cfddc2a90fdfa533143f6b426cf6077c","true","false","false","false","false","true","false","false","false","NODE_QUERY_SERVICE","PENDING_ANALYSIS"
"CamEstProc","Cambia Estado Orden Proceso","Orden_Proceso","Ordenes de proceso y lotes: crea, actualiza o registra datos para ""Cambia Estado Orden Proceso"".","2009-09-28 21:28:56GMT","&Empcod | &Tempcod | &Ordpnum | &OrdpEstado","","293","f434b5ea380c99d5f0aff47618311dc90c7b7bbc72529ba2f92dfe07c6ab30e6","true","false","false","false","false","true","true","false","false","NODE_QUERY_SERVICE","PENDING_ANALYSIS"
"Crea_Detalle_LOTE","Crea_ Detalle_ LOTE","Orden_Proceso","Ordenes de proceso y lotes: crea, actualiza o registra datos para ""Crea_ Detalle_ LOTE"".","2009-09-01 23:45:28GMT","&EmpCod | &Tempcod | &Ordpnum | &Fecha | &NumEnv | &Kilos | &NLote | &Login | &SwE","","2119","b6ffa1aade8c600c67ed9585c4ac208c748160eaeb646f42ae8c9a9becad66c5","true","true","false","false","false","true","true","false","true","NODE_USE_CASE","PENDING_ANALYSIS"
"CreaLOTE","Crea LOTE","Orden_Proceso","Ordenes de proceso y lotes: crea, actualiza o registra datos para ""Crea LOTE"".","2009-09-28 20:31:32GMT","&EmpCod | &Tempcod | &Fecha | &Espe | &Prodcod | &CodVar | &TotNumEnv | &TotKil | &Export | &Login | &Ordpnum | &Confcod | &SwE","TraeCor","605","a7aa975d7303c6e15e0b7ffc92cc81b788afb480738c22c058473076bd1c1a79","true","true","false","false","false","true","true","false","true","NODE_USE_CASE","PENDING_ANALYSIS"
"EliCajasProc","Eli Cajas Proc","Orden_Proceso","Ordenes de proceso y lotes: apoya la operacion de ""Eli Cajas Proc"".","2011-11-21 19:39:20GMT","EmpCod | TempCod | CAPCOD","","51","00544f7a3a1bef830106ea8bfe124f8c3debcdd43827bed8f13b7a0aee696845","true","false","true","false","false","true","true","false","false","NODE_USE_CASE","PENDING_ANALYSIS"
"EliEtixCal","Elimina grupo de Etiquetas por Calibre","Orden_Proceso","Ordenes de proceso y lotes: anula, elimina o revierte registros asociados a ""Elimina grupo de Etiquetas por Calibre"".","2011-11-19 17:49:58GMT","&Empcod | &Tempcod | &Ordpnum","","158","c66f7a2a1c21cda2229d0571a3503bac1e03fc41c584305da23c0a261119fd81","true","false","true","false","false","true","true","false","false","NODE_USE_CASE","PENDING_ANALYSIS"
"EliOrdProc","Elimina Ordenes de Proceso","Orden_Proceso","Ordenes de proceso y lotes: anula, elimina o revierte registros asociados a ""Elimina Ordenes de Proceso"".","2009-09-01 03:24:16GMT","&empcod | &Tempcod | &Ordpnum","","830","53c1d5ff45b64f92659714f3d9be46e04be9af8f9637521a467037cdab7aff85","true","false","true","false","false","true","true","false","false","NODE_USE_CASE","PENDING_ANALYSIS"
"EliOrdProc_Det","Elimina Detalle de Ordenes","Orden_Proceso","Ordenes de proceso y lotes: anula, elimina o revierte registros asociados a ""Elimina Detalle de Ordenes"".","2009-09-02 00:00:58GMT","&empcod | &Tempcod | &Ordpnum | &Nlote","SUMLotes","545","db60c5d1eea11338d34c56854b0d6dbcde2a1557d9cde65b43c44824d951fc20","true","false","true","false","false","true","true","false","false","NODE_USE_CASE","PENDING_ANALYSIS"
"ExcelInfProc","Informe de Proceso a Excel","Orden_Proceso","Ordenes de proceso y lotes: genera, imprime o integra una salida operativa para ""Informe de Proceso a Excel"".","2009-11-19 19:00:02GMT","&Empcod | &Tempcod | &CAPNproc","","3119","f5f5b9089a6e9861d14ae1211dbe0d1fe22b81b46cb64dc8877fca1cb2a04c0b","true","false","false","false","false","true","true","false","true","INTEGRATION_OR_REPORT_SERVICE","PENDING_ANALYSIS"
"GrabaCuadratura","Graba Cuadratura","Orden_Proceso","Ordenes de proceso y lotes: crea, actualiza o registra datos para ""Graba Cuadratura"".","2011-12-02 20:58:02GMT","&Empcod | &Tempcod | &Login | &Ordpnum | &OrdpEnvExp | &OrdpKilosExp | &OrdpEnvCom | &OrdpKilosCom | &OrdpDesecho","","961","314c78d70a19c12a757bfdac5d79f20d5ff8fd30d0a4e1eb20de033399c7456c","true","true","false","false","false","true","true","false","false","NODE_USE_CASE","PENDING_ANALYSIS"
"GrabaReEti","Graba Re Eti","Orden_Proceso","Ordenes de proceso y lotes: crea, actualiza o registra datos para ""Graba Re Eti"".","2012-11-14 02:55:46GMT","&Empcod | &Tempcod | &CapCod | &env | &catcod | &Calibre | &ConfCod","","211","ab973aada663e4961025d1bf32c823a910ce51c2a8fd7ec8cd15b1b2a52a0f25","true","false","false","false","false","true","true","false","false","NODE_QUERY_SERVICE","PENDING_ANALYSIS"
"ModiOrdProc","Modifica Orden Proceso","Orden_Proceso","Ordenes de proceso y lotes: crea, actualiza o registra datos para ""Modifica Orden Proceso"".","2009-09-28 21:25:50GMT","&empcod | &Tempcod | &Ordpnum | &ExpCod | &Fecha | &VarCod | &Confcod","","226","635f869c8087b7dc08fc8b66a77625b4842f79a218fc5967400d62b275ed5f46","true","false","false","false","false","true","true","false","false","NODE_QUERY_SERVICE","PENDING_ANALYSIS"
"SUMLotes","SUMA Lotes","Orden_Proceso","Ordenes de proceso y lotes: consulta, calcula o valida informacion para ""SUMA Lotes"".","2009-09-01 23:59:02GMT","&empcod | &tempcod | &ordpnum","","387","6e56df5a664a71041d491377ccb9f7ab401a0be1f1e2b907becb01f81275d4d4","true","false","false","false","false","true","true","false","false","NODE_QUERY_SERVICE","PENDING_ANALYSIS"
"BusIDDesOT","Bus ID Despacho","Packing_List","Packing list y reportes de exportacion: consulta, calcula o valida informacion para ""Bus ID Despacho"".","2007-12-06 00:38:58GMT","&Empcod | &Tempcod | &Ndoc | &Dornum","","173","3426da4b9ea237bc9f18433755a0ab09dfb8cec460ef649d74797aea9326c82b","true","false","false","false","false","true","true","false","false","REPORT_SERVICE","PENDING_ANALYSIS"
"BusIDDespa","Bus ID Despacho","Packing_List","Packing list y reportes de exportacion: consulta, calcula o valida informacion para ""Bus ID Despacho"".","2011-10-23 14:02:40GMT","&Empcod | &Tempcod | &Tipo | &Ndoc | &Dornum","","264","a183bdb4d295d3b2543a7a07b5582334a6ec0176a3fffa93e62da2d0f5c7cb87","true","false","false","false","false","true","true","false","true","REPORT_SERVICE","PENDING_ANALYSIS"
"GeneraPackinglist","Genera Packing List","Packing_List","Packing list y reportes de exportacion: crea, actualiza o registra datos para ""Genera Packing List"".","2016-11-14 17:39:56GMT","&Empcod | &Tempcod | &Ndoc | &Tipo | &login | &Num","TraeCor | TraeKilosB","2733","3fa1aef64ff6f6f2ed7f05064902c6b197a41f50afa81e657ebd0fc0e83586f8","true","true","false","false","false","true","true","false","false","REPORT_SERVICE","PENDING_ANALYSIS"
"PackingExcel","Packing Excel","Packing_List","Packing list y reportes de exportacion: genera, imprime o integra una salida operativa para ""Packing Excel"".","2011-01-21 20:56:46GMT","&Empcod | &Tempcod | &Tipo | &packnumI","BusIDDespa","6671","c47895636b347ebf717557085f9182c19e5762bd60a9f6fa7225f6090f2ab257","true","false","false","false","false","true","true","false","true","REPORT_SERVICE","PENDING_ANALYSIS"
"PackingExcelUS","Packing Excel US","Packing_List","Packing list y reportes de exportacion: genera, imprime o integra una salida operativa para ""Packing Excel US"".","2008-02-28 21:30:54GMT","&Empcod | &Tempcod | &Tipo | &packnumI","BusIDDespa","7692","3ac04aee67dad9ec9c9dd8f7f04bd76acfe196a8e975c22f788347bf3bf7047b","true","false","false","false","false","true","true","false","true","REPORT_SERVICE","PENDING_ANALYSIS"
"TraeKilosB","Trae Kilos Alex","Packing_List","Packing list y reportes de exportacion: consulta, calcula o valida informacion para ""Trae Kilos Alex"".","2016-11-22 15:18:42GMT","EmpCod | TempCod | DorTipPlani | DORNum | &Suma","TraePesoB","224","593061cb6252c75b7ce93dfb8724d428035f8bec21db3b26876afc0bea504831","true","false","false","false","false","true","true","false","false","REPORT_SERVICE","PENDING_ANALYSIS"
"AbrirFolio","Abrir Folio","Paletizado","Paletizado y control de folios: apoya la operacion de ""Abrir Folio"".","2011-11-03 02:30:56GMT","&Empcod | &Tempcod | &Folio","","547","f35f75401e4748d332ed73b60455168b7f7d1dfcb2f154d9395496dfd54152f2","true","false","true","false","false","true","true","false","true","NODE_USE_CASE","PENDING_ANALYSIS"
"ArmaFolios","Arma Folios","Paletizado","Paletizado y control de folios: crea, actualiza o registra datos para ""Arma Folios"".","2011-10-05 01:32:42GMT","&Empcod | &Tempcod | &Folio | &Espe | &Expcod | &Fecha","","1942","d7b7a529eafc35799bcfcac177d8cc9a349c83024571d0996f646199413e2684","true","true","false","false","false","true","true","false","false","NODE_USE_CASE","PENDING_ANALYSIS"
"BuscaFolioPAL","Busca Folio PAL","Paletizado","Paletizado y control de folios: consulta, calcula o valida informacion para ""Busca Folio PAL"".","2011-10-10 18:24:22GMT","&Empcod | &Tempcod | &Folio | &SwE | &SwCNT","","326","c5affd1534a671a24d1e571441812267eb3c4d1899185553cc475ed1a65b99ba","true","false","false","false","false","true","true","false","false","NODE_QUERY_SERVICE","PENDING_ANALYSIS"
"CreaDetPaletizado","Crea Det Paletizado","Paletizado","Paletizado y control de folios: crea, actualiza o registra datos para ""Crea Det Paletizado"".","2011-09-30 20:40:02GMT","&Empcod | &Tempcod | &Folio | &CAPCOD","","716","5a521e8d31f1c537deab3009f236b7548bcbbda35797f10c555701cb6c8b29c7","true","true","false","false","false","true","true","false","false","NODE_USE_CASE","PENDING_ANALYSIS"
"CreaPaletizado01","Crea Paletizado01","Paletizado","Paletizado y control de folios: crea, actualiza o registra datos para ""Crea Paletizado01"".","2011-09-28 02:25:38GMT","&Empcod | &Tempcod | &Folio | &fecha | &Expcod | &Login | &Espe | &Cajas","","201","2b3bcc721368dec832a708e3b27ad6adf7f41cbbef9c2d6c5824666502fb2dbc","true","true","false","false","false","true","true","false","false","NODE_USE_CASE","PENDING_ANALYSIS"
"EliCajaPal","ELimina Caja Paletizado","Paletizado","Paletizado y control de folios: anula, elimina o revierte registros asociados a ""ELimina Caja Paletizado"".","2011-10-04 01:53:22GMT","&EmpCod | &TempCod | &PALFolio | &PAL2NCaja","","356","eed70db0f5e5b3524fefd5a8643de6afa61236d3e44a5b39e1e14690b218a595","true","false","true","false","false","true","true","false","false","NODE_USE_CASE","PENDING_ANALYSIS"
"EliFolPal","Alimina Folio Paletizado","Paletizado","Paletizado y control de folios: genera, imprime o integra una salida operativa para ""Alimina Folio Paletizado"".","2011-11-03 00:39:54GMT","EmpCod | TempCod | PALFolio","","60","4f8e21a97697db2a6edc51f72e83454ec300d45c23c12a15395e91e9ef4c4c5a","true","false","true","false","false","true","true","false","false","NODE_USE_CASE","PENDING_ANALYSIS"
"GenerarFolios","Generar Folios","Paletizado","Paletizado y control de folios: crea, actualiza o registra datos para ""Generar Folios"".","2011-10-10 18:13:14GMT","&Empcod | &Tempcod | &Expcod | &FolioFin | &FolioIni","","324","a52badb5140a6f6f5592e4f741c6d9e42d9472e5b468370770edbe7cf359af56","true","true","false","false","false","true","true","false","false","NODE_USE_CASE","PENDING_ANALYSIS"
"sonido","sonido","Paletizado","Paletizado y control de folios: apoya la operacion de ""sonido"".","2011-09-30 19:36:18GMT","&Gxnombre","","108","e2fada7a649f6712da802c0c980391c61f6ca4cd36290552599aa017581def4a","true","false","false","false","false","false","false","false","true","INTEGRATION_OR_REPORT_SERVICE","PENDING_ANALYSIS"
"AgCeros","AgCeros","Proce_General","Servicios generales del sistema: apoya la operacion de ""AgCeros"".","2003-10-21 20:27:46GMT","&Texto | &Largo","","133","736ba2aaf7b27550bf373b7abbe01f558bf1d3e05202fa47b1fce84bb848e86b","true","false","false","false","false","false","false","false","false","SHARED_UTILITY","PENDING_ANALYSIS"
"Encripta","Encripta","Proce_General","Servicios generales del sistema: apoya la operacion de ""Encripta"".","2007-12-18 03:46:58GMT","&Cadena","","46","85fcbe96341f150bd3eb22a199751a36bb7142bacd0406aaf5973d5d6bedb869","true","false","false","false","false","false","false","false","true","SHARED_UTILITY","PENDING_ANALYSIS"
"MontoEscrito","Monto Escrito","Proce_General","Servicios generales del sistema: apoya la operacion de ""Monto Escrito"".","2006-07-24 02:07:54GMT","&monnro | &monpal","","3225","a4e40aed3a94ce2857988e47c8c18444aa3fabb201f498ffccfc5750a4ceb332","true","false","false","false","false","false","false","false","false","SHARED_UTILITY","PENDING_ANALYSIS"
"ParEmp","Parametros Empresa","Proce_General","Servicios generales del sistema: apoya la operacion de ""Parametros Empresa"".","2008-02-12 20:42:12GMT","&Empcod | &EmpTReg","","76","4cfbdd3f917a85b166302c51ba467082ec5bb54174e3a16595b4f361c7fdead0","true","false","false","false","false","true","false","false","false","NODE_QUERY_SERVICE","PENDING_ANALYSIS"
"Rollback","Rollback","Proce_General","Servicios generales del sistema: apoya la operacion de ""Rollback"".","2007-07-25 21:57:10GMT","","","8","c9a33c4eecf143a8167e0e7c7fb60a9cfc9ab03b670f86a88ad56afc680a1420","true","false","false","false","true","false","false","false","false","SHARED_UTILITY","PENDING_ANALYSIS"
"TraeCodEspe","Trae Codigo Especie","Proce_General","Servicios generales del sistema: consulta, calcula o valida informacion para ""Trae Codigo Especie"".","2007-05-22 18:59:40GMT","&Empcod | &espe | &EspeSag","","114","fca66390604e84bf5fc8d77a0ada5d59201559417321c841f8a6f113a8dc3b23","true","false","false","false","false","true","false","false","false","NODE_QUERY_SERVICE","PENDING_ANALYSIS"
"TraeCor","TraeCor","Proce_General","Servicios generales del sistema: consulta, calcula o valida informacion para ""TraeCor"".","2009-08-19 04:59:08GMT","&Empcod | &Gencod | &Corr10 | &Corr5 | &Tipo | &Graba","","923","6e55c92314e92e46b6adf730ad8f78c0edc861267d68c969b361dc15647df9f7","true","true","false","false","false","true","false","false","false","NODE_USE_CASE","PARTIAL_BACKEND"
"TraeNSeg","Trae Nivel de Seguridad","Proce_General","Servicios generales del sistema: consulta, calcula o valida informacion para ""Trae Nivel de Seguridad"".","2003-08-16 17:21:58GMT","UsuLogin | &UsuNseg","","67","44057491bd504f859a89c80d5a787beec5cf986278b9dae014473ab7c1a84fb5","true","false","false","false","false","false","false","false","false","NODE_QUERY_SERVICE","PENDING_ANALYSIS"
"TraeTemp","Trae Temporada","Proce_General","Servicios generales del sistema: consulta, calcula o valida informacion para ""Trae Temporada"".","2007-05-11 16:33:04GMT","&empcod | &tempcod","","140","e4a322ac4eb143b3466b5c89acbb43ec8bd7639cd37592329cbd2ca8ab7d8497","true","false","false","false","false","true","true","false","false","NODE_QUERY_SERVICE","PENDING_ANALYSIS"
"Verirut","Verirut","Proce_General","Servicios generales del sistema: consulta, calcula o valida informacion para ""Verirut"".","2003-03-17 23:05:36GMT","&Mprut | &v","","433","750c9b6a0d3e29be3951b7ee9061b61e8c4b36f40550db080d4e7373007f2c6a","true","false","false","false","false","false","false","false","false","SHARED_UTILITY","PENDING_ANALYSIS"
"VeriUsu","VeriUsu","Proce_General","Servicios generales del sistema: consulta, calcula o valida informacion para ""VeriUsu"".","2009-08-11 16:39:08GMT","UsuLogin | &Clave | &SwR","","100","12be3cba65d7b6022eca9c7bb5b51160c82dceb3c43346b116a4df204ae7bef8","true","false","false","false","false","false","false","false","false","NODE_QUERY_SERVICE","PENDING_ANALYSIS"
"GenCalibre_Proc","Genera Calibres Procesados","Procesos","Procesos de empaque: crea, actualiza o registra datos para ""Genera Calibres Procesados"".","2007-11-03 18:13:46GMT","&empcod | &Tempcod | &PSC_login | &FecD | &FecH | &ExportD | &ExportH | &ProdD | &ProdH | &EspeD | &EspeH | &VarD | &VarH | &EnvD | &EnvH | &Estado | &Dispo | &SwEx | &SwVar | &SwProd | &SwEnv | &SwCat | &LArgo","","10792","91fa49f7f2658be23f752202547f72afb4a98099ec4653a1737fba29524d8b70","true","true","false","false","false","true","true","false","true","NODE_USE_CASE","PENDING_ANALYSIS"
"AnulaRepa","Anula Repa","Repaletizaje","Repaletizaje: anula, elimina o revierte registros asociados a ""Anula Repa"".","2008-02-26 03:08:24GMT","&Empcod | &Tempcod | &Repnum","","3547","ca3b6d695f9f9c74a629f5d5c94e4b55c884f370c15678a9a0dfa3acdf3735c6","true","false","true","false","true","true","true","false","true","NODE_USE_CASE","PENDING_ANALYSIS"
"ArchiRepa","Archivo de Repaletizaje","Repaletizaje","Repaletizaje: genera, imprime o integra una salida operativa para ""Archivo de Repaletizaje"".","2012-12-07 00:06:46GMT","&empcod | &tempcod | &repnum | &Repnumf","TraeParametro | gxSelDir | TraeCodEspe","2795","7ddca7f23469fe0edc3949604627bb00d3f1c95c122afe0432628516617578b0","true","false","false","false","false","true","true","false","true","INTEGRATION_OR_REPORT_SERVICE","PENDING_ANALYSIS"
"CreaRepa","Crea Repa","Repaletizaje","Repaletizaje: crea, actualiza o registra datos para ""Crea Repa"".","2014-01-03 16:59:06GMT","&Empcod | &tempcod | &Repnum | &fecha | &Login | &Feccrea | &Dacod","TraeCor","309","7d2bd45bd3b64eff279c9fc50ac2cbdfc4e5b0b349ab0b78675bb952926150fa","true","true","false","false","false","true","true","false","false","NODE_USE_CASE","PENDING_ANALYSIS"
"Eli_PSRepa","Eli_ PSRepa","Repaletizaje","Repaletizaje: apoya la operacion de ""Eli_ PSRepa"".","2008-02-20 16:28:18GMT","&empcod | &tempcod | &PSR_Login | &Repa","","434","d5a9603889e45a7b1035024f4369809086d92c4f652edd0070046609aa426bde","true","false","true","false","false","true","true","false","false","NODE_USE_CASE","PENDING_ANALYSIS"
"FinRepa","Fin Repa","Repaletizaje","Repaletizaje: apoya la operacion de ""Fin Repa"".","2009-12-21 02:59:44GMT","&Empcod | &Tempcod | &Repnum","TraeCor","3190","09977f9e0110b9e90594f690c4cb80bcc645fe7f78209a8eb5ef496432b1ae6c","true","true","false","false","false","true","true","false","false","NODE_USE_CASE","PENDING_ANALYSIS"
"FinRepa_RF","Fin Repa_ RF","Repaletizaje","Repaletizaje: apoya la operacion de ""Fin Repa_ RF"".","2008-02-26 15:27:02GMT","&Empcod | &Tempcod | &Repnum","","3880","9e13886b0803e099a1c0c01a8117c8813a5af1cc1d00237a22e0b840a1204b40","true","true","false","false","false","true","true","false","false","NODE_USE_CASE","PENDING_ANALYSIS"
"GRepAgrega1_1","Agrega Folios","Repaletizaje","Repaletizaje: crea, actualiza o registra datos para ""Agrega Folios"".","2011-01-14 14:12:26GMT","&Empcod | &Tempcod | &Login | &Repnum | &Corr | &Folio | &Prod | &Espe | &Codvar | &Env | &Cat | &Calibre | &Cajas | &CajasI | &CajasR | &Nsol | &REP0Calt | &REP0CBase","TraeNumSol","1966","33a39f1a8f4defa81d044351454b6f32bda9f5fdb6ea467ada49bc2167f8a80d","true","true","false","false","true","true","true","false","true","NODE_USE_CASE","PENDING_ANALYSIS"
"GRepBaja2","GRep Baja2","Repaletizaje","Repaletizaje: anula, elimina o revierte registros asociados a ""GRep Baja2"".","2008-02-25 17:02:32GMT","&Empcod | &tempcod | &PSRM_Login | &Ndoc | &Folio | &Corr | &Cajas | &Sw","","507","852d1731566a3ae9743bd5192df73ad9758826354c75ce48100e85e28acbf2b6","true","true","false","false","false","true","true","false","false","NODE_USE_CASE","PENDING_ANALYSIS"
"GRepBaja2_2","GRep Baja2_2","Repaletizaje","Repaletizaje: anula, elimina o revierte registros asociados a ""GRep Baja2_2"".","2009-12-21 12:10:26GMT","&Empcod | &Tempcod | &Login | &Repnum | &Corr | &Folio | &Prod | &Espe | &Codvar | &Env | &Cat | &Calibre | &Cajas | &CajasI | &CajasR | &REP0Calt | &REP0CBase","","2792","55130ce3e9b142250a4f45a49648f242b0a0c386235fadec300fa89ce4fb643a","true","true","false","false","false","true","true","false","false","NODE_USE_CASE","PENDING_ANALYSIS"
"GRepSube1_1","Subir Cajas","Repaletizaje","Repaletizaje: crea, actualiza o registra datos para ""Subir Cajas"".","2009-12-21 12:12:46GMT","&Empcod | &Tempcod | &Login | &Repnum | &Corr | &Folio | &Prod | &Espe | &Codvar | &Env | &Cat | &Calibre | &Cajas | &CajasI | &CajasR | &REP0Calt | &REP0CBase","","2378","68718fb1af01aa17e6bfb95b5924882ed014de592de157bff1e7ca91d08e0d24","true","true","false","false","true","true","true","false","true","NODE_USE_CASE","PENDING_ANALYSIS"
"GRepSube1_RF","Sube Folios","Repaletizaje","Repaletizaje: crea, actualiza o registra datos para ""Sube Folios"".","2009-01-07 18:35:10GMT","&Empcod | &Tempcod | &PSR_Login | &Repnum | &Corr | &Folio | &Prod | &Espe | &Codvar | &Env | &Cat | &Calibre | &Cajas | &CajasI | &CajasR | &REP0Calt | &REP0CBase","","1982","f6783a805d36a5887ef844975631268c5fc241b17a0ff5fe8c3707a6280cac82","true","true","false","false","true","true","true","false","true","NODE_USE_CASE","PENDING_ANALYSIS"
"RepEliFol","Elimina folio de repaletizaje","Repaletizaje","Repaletizaje: anula, elimina o revierte registros asociados a ""Elimina folio de repaletizaje"".","2007-05-17 16:10:22GMT","&Empcod | &Tempcod | &Login | &Repnum | &folio | &swErr","","1607","1c7955254c4f471149c9dbf1c7f9bb20d00b8bde22cfa8e38519ca02c5b3d6b3","true","false","true","true","true","true","true","false","false","NODE_USE_CASE","PENDING_ANALYSIS"
"GenDes_Agente","Genera Despacho Agente","SAG","Reportes y existencias SAG: crea, actualiza o registra datos para ""Genera Despacho Agente"".","2007-12-01 04:10:14GMT","&Empcod | &Tempcod | &PSC_login | &FecD | &FecH | &AgeCod | &Espe","","1662","a82cf576780f058a4af41842942070879fddff028d8a240e124e3d39af4d7718","true","true","true","true","false","true","true","false","true","NODE_USE_CASE","PENDING_ANALYSIS"
"GenDes_Consig","Genera Despachado Consignatario","SAG","Reportes y existencias SAG: crea, actualiza o registra datos para ""Genera Despachado Consignatario"".","2007-12-01 04:46:38GMT","&Empcod | &Tempcod | &PSC_login | &FecD | &FecH | &ConsCod | &Espe","","1712","cca1870b3a58f6a6afb5d696b2800952a5bb3e5ef82ba30d2379e7ab26311675","true","true","true","true","false","true","true","false","true","NODE_USE_CASE","PENDING_ANALYSIS"
"GenDes_Expor","Genera Despachado por Exportador","SAG","Reportes y existencias SAG: crea, actualiza o registra datos para ""Genera Despachado por Exportador"".","2007-12-01 02:38:22GMT","&Empcod | &Tempcod | &PSC_login | &FecD | &FecH | &Export | &Espe","","1657","1da4051d9371b23be2d02e11c0eaf3d9a2f40939e1142b3f657672c3a9488763","true","true","true","true","false","true","true","false","true","NODE_USE_CASE","PENDING_ANALYSIS"
"GenExis_SAG","Genera Existencia SAG","SAG","Reportes y existencias SAG: crea, actualiza o registra datos para ""Genera Existencia SAG"".","2011-01-21 14:31:36GMT","&Login20 | &Empcod | &Tempcod | &FecD | &FecH | &Espe","","5708","be23b9b21b1fd6b4d449b8af459aa5e4d023ae90b88bc85dbbfab130f0209fba","true","true","true","true","false","true","true","false","true","NODE_USE_CASE","PENDING_ANALYSIS"
"Asignar","Asignar","Seguridad","Seguridad y permisos de usuarios: crea, actualiza o registra datos para ""Asignar"".","2008-11-13 03:04:00GMT","&gecodemp | &LoginU | &SistCod | &AsigMod | &AsigAsig","","247","2150c1abcf48e04dc32c26f099c902a8fd05d6919347420f1583599b3c97f365","true","true","false","false","false","false","false","false","false","NODE_USE_CASE","PENDING_ANALYSIS"
"AsigProg","AsigProg","Seguridad","Seguridad y permisos de usuarios: crea, actualiza o registra datos para ""AsigProg"".","2008-11-02 03:41:02GMT","&gecodemp | &SistCod | &Modcod | &ProgCod | &ProgUsuC | &UsuLogin | &OPProg","","630","a7f01327c7b79f76ef040fbf641ce0f88fe405a0ec88690e4c6b3f57a8df39b9","true","true","false","false","false","false","false","false","false","NODE_USE_CASE","PENDING_ANALYSIS"
"AsigProg2","AsigProg","Seguridad","Seguridad y permisos de usuarios: crea, actualiza o registra datos para ""AsigProg"".","2009-02-13 20:54:36GMT","&gecodemp | &SistCod | &Modcod | &ProgCod | &ProgUsuC | &UsuLogin | &ProgOPCod","","384","1e8b7552ee30d6fb51e6a3f97a004a4f7689a2e129f349f4aebdab3068f58c16","true","true","false","false","false","false","false","false","false","NODE_USE_CASE","PENDING_ANALYSIS"
"CamClave","CamClave","Seguridad","Seguridad y permisos de usuarios: apoya la operacion de ""CamClave"".","2009-08-11 15:22:46GMT","&empcod | UsuLogin | &ClavN | &ClaveA | &SwE","","138","b1dd7962329bc454ea3675123a94aa32bb26c75f318744eacaadf9df70f2b1d6","true","false","false","false","false","true","false","false","false","NODE_QUERY_SERVICE","PENDING_ANALYSIS"
"DesAsig","DesAsig","Seguridad","Seguridad y permisos de usuarios: crea, actualiza o registra datos para ""DesAsig"".","2008-11-13 03:38:54GMT","&gecodemp | &Login | &SistCod | &Modcod | &ProgCod | &ProgOPCod","","1284","9bbbd5379cec3930e411cf291e0c414240de60e43f4d1e3974a4deb090cc54bc","true","false","true","false","false","false","false","false","false","NODE_USE_CASE","PENDING_ANALYSIS"
"VA","Ver Acceso","Seguridad","Seguridad y permisos de usuarios: apoya la operacion de ""Ver Acceso"".","2009-08-11 15:23:28GMT","&empcod | &Login | &Mod | &Prog | &Accion | &SwR","","1257","ff0a84c2903a1936c51c09a8c104294743e473545209dc9a05af10c1cea16477","true","false","false","false","false","true","false","false","false","SHARED_UTILITY","PENDING_ANALYSIS"
"VA2","Ver Acceso","Seguridad","Seguridad y permisos de usuarios: apoya la operacion de ""Ver Acceso"".","2008-10-29 03:38:20GMT","&Gecodemp | &Login | &Sistcod | &Mod | &Prog | &Accion | &SwR","","274","fe0907742ccc6e9ba492838426156a4db12eb599d4a5a65dcd5c7753453be562","true","false","false","false","false","false","false","false","false","NODE_QUERY_SERVICE","PENDING_ANALYSIS"
"VeriLicencia","Veri Licencia","Seguridad","Seguridad y permisos de usuarios: consulta, calcula o valida informacion para ""Veri Licencia"".","2015-01-24 15:27:54GMT","&Gecodemp","","125","6f5722237e5a82bcc6e3dde717a6176e109ef856a06d33980783ac435c90fc01","true","false","false","false","false","true","false","false","false","NODE_QUERY_SERVICE","PENDING_ANALYSIS"
"ST_Prod1","ST x Producto 1","Stock","Consulta de stock: apoya la operacion de ""ST x Producto 1"".","2005-11-28 15:05:14GMT","&empcod | &Fecha | &Origen | &Prod | &Cuar | &Espe | &Var | &Env | &Condi | &Cant | &CantOP","","2049","aff921888cb9f7faca828cbc025570818684c95d2154cdd6118e7b9cca9cab3a","true","false","false","false","false","true","false","false","false","NODE_QUERY_SERVICE","PENDING_ANALYSIS"
"GenPHTP","Genera PHTP","TM","Procesos TM: crea, actualiza o registra datos para ""Genera PHTP"".","2009-06-10 16:25:58GMT","","","1684","138d749312007a60e5897ff5907384f6a9637d54254fc5f9d7f4ee9cbca686a0","true","true","true","false","false","false","false","false","false","NODE_USE_CASE","PENDING_ANALYSIS"
"SubHorario","Sub Horario","TM","Procesos TM: apoya la operacion de ""Sub Horario"".","2009-06-08 16:04:42GMT","&Ruta","RErrores","2369","163e9f9073e741478d223e2cbddc7cb3f32f6cdb335ad5f86b653704cba1eeb7","true","true","true","false","false","false","false","false","true","NODE_USE_CASE","PENDING_ANALYSIS"
"SubPHTP","Sub PHTP","TM","Procesos TM: apoya la operacion de ""Sub PHTP"".","2009-06-08 20:40:58GMT","&Ruta","RErrores","3338","af9a82c4e6388d78944108b1543a5262d438f61825739fb4c7b85b59c9aec812","true","true","true","false","false","false","false","false","true","NODE_USE_CASE","PENDING_ANALYSIS"
"AnulaDespaUS","Anula Despacho","USDA","Despachos y requisitos USDA: anula, elimina o revierte registros asociados a ""Anula Despacho"".","2008-02-27 18:20:48GMT","&Empcod | &Tempcod | &Dornum | &DorTipPlani","","801","a4befbb665d8c991e031f1ebc9d768105b94337e55666f5d5242a0d7ea0c7ba6","true","false","true","false","false","true","true","false","false","NODE_USE_CASE","PENDING_ANALYSIS"
"BajaFolDespUS","Baja Folios Despachos","USDA","Despachos y requisitos USDA: anula, elimina o revierte registros asociados a ""Baja Folios Despachos"".","2008-02-27 19:35:44GMT","&empcod | &Tempcod | &PUSNum | &folio | &dornum | &DorTipPlani","","1574","98965276d4e1b05c473ee8c2b75a3e8955d423dcd169d124d490153cad76a710","true","true","false","false","false","true","true","false","false","NODE_USE_CASE","PENDING_ANALYSIS"
"BajaFolios_USDA","Baja Folios_ USDA","USDA","Despachos y requisitos USDA: anula, elimina o revierte registros asociados a ""Baja Folios_ USDA"".","2007-12-17 21:42:12GMT","&empcod | &Tempcod | &PUSTipo | &PUSNum | &Sol2Folio","","2798","38104bec3754853945d437e915415bda25a40a622a6f7c1c10a6e0b994b7e20f","true","true","false","true","false","true","true","false","false","NODE_USE_CASE","PENDING_ANALYSIS"
"CamEstDespaUS","Cambia Estado Despacho","USDA","Despachos y requisitos USDA: crea, actualiza o registra datos para ""Cambia Estado Despacho"".","2008-02-27 19:37:50GMT","&Empcod | &Tempcod | &Dornum | &DorTipPlani | &Estado","TraeCor","404","13fe53244e417f79e7995c6ea892f04c6d0d3d088da4bb412ce93ca9c84ea4df","true","false","false","false","false","true","true","false","false","NODE_QUERY_SERVICE","PENDING_ANALYSIS"
"EliFolDesUS","Elimina Folio DES USDA","USDA","Despachos y requisitos USDA: anula, elimina o revierte registros asociados a ""Elimina Folio DES USDA"".","2007-12-24 19:08:44GMT","&Empcod | &Tempcod | &DorTipPlani | &Dornum | &Folio","","852","08fa894d7743f4f0e33d3b73f40588b7dca2d00b473fd7e8a06303a620a39a53","true","false","true","false","false","true","true","false","false","NODE_USE_CASE","PENDING_ANALYSIS"
"EliFolUS","Elimina Folio USDA","USDA","Despachos y requisitos USDA: anula, elimina o revierte registros asociados a ""Elimina Folio USDA"".","2014-01-29 12:51:46GMT","&empcod | &tempcod | &PUSTipo | &PUSNum | &Sol2Folio","","1281","4e98ea1982c9832111d4516d6619ffd1a25437bf477bb5f71a7f7e8e52a5865c","true","false","true","true","false","true","true","false","true","NODE_USE_CASE","PENDING_ANALYSIS"
"EstadoUS","Estado US","USDA","Despachos y requisitos USDA: consulta, calcula o valida informacion para ""Estado US"".","2007-12-20 23:01:50GMT","&empcod | &tempcod | &PUSNum | &PUSTipo | &solestado | &Login","","985","74b59b4d2ebda12b3f703b9738f16b79edadecda52534948b3a3b99f78dda42f","true","false","true","true","false","true","true","false","false","NODE_USE_CASE","PENDING_ANALYSIS"
"GenFol1","Gen Fol1","Varios","Procesos auxiliares: apoya la operacion de ""Gen Fol1"".","2007-10-08 01:47:14GMT","&Folini | &FolFin | &Espe | &Tempcod","","846","506400f4186aae702e022ce73ed3fde73b805a8184f30200da47cd1356475465","true","true","false","false","false","true","true","true","false","NODE_USE_CASE","PENDING_ANALYSIS"
